source_x,source_y,mu_1,mu_2,mu_3,mu_4,td_1,td_2,td_3,td_4
2.883189542955733e-07,2.3469988769083844e-05,0.0,0.0,-9.549774,-4.285433,0.0,0.0,0.06893099136,0.2825316288
8.082564700368526e-06,2.516553598499737e-05,7.253163,0.0,0.0,-4.216963,0.0,0.0,0.0,0.33061098240000003
1.388892467438226e-05,5.627877898413818e-06,6.276963,9.448267,-7.170386,-5.758355,0.0,0.13564039679999998,0.2068047936,0.2568414528
5.919598832382579e-06,2.5107677143453013e-05,7.52488,0.0,0.0,-4.208481,0.0,0.0,0.0,0.3194358336
1.560454236766153e-05,1.53069465335533e-05,6.2654,0.0,0.0,-4.952315,0.0,0.0,0.0,0.3156142752
2.0766653643617206e-05,1.5805065245065747e-05,5.917843,0.0,0.0,-5.041367,0.0,0.0,0.0,0.34888207680000005
3.169290213292756e-05,1.4995767228022499e-05,5.305601,0.0,0.0,-5.541793,0.0,0.0,0.0,0.41522561280000003
2.4516302541306166e-05,1.2035375836507953e-05,5.656723,0.0,0.0,-5.530465,0.0,0.0,0.0,0.35330463360000003
2.6181629183713324e-05,4.779703068664661e-06,5.530168,0.0,0.0,0.0,0.0,0.0,0.0,0.0
7.816789475933813e-06,4.151135001432799e-05,8.45875,0.0,0.0,-3.444917,0.0,0.0,0.0,0.435832704
1.744175860253334e-05,5.290955276335719e-07,6.022907,9.978521,0.0,0.0,0.0,0.1709802432,0.0,0.0
1.4935815669940423e-05,3.015546904764843e-07,6.186952,9.496796,0.0,0.0,0.0,0.14641810560000001,0.0,0.0
1.879585724898241e-05,2.7580987269972884e-05,6.275714,0.0,0.0,-4.183746,0.0,0.0,0.0,0.402578208
1.6517196745961316e-06,2.252563717953818e-05,0.0,0.0,-9.367772,-4.340202,0.0,0.0,0.07820464031999999,0.28314014400000004
4.363145039067052e-06,2.8332179423504983e-05,0.0,0.0,0.0,-4.031831,0.0,0.0,0.0,0.33194534400000003
2.9922026392052707e-05,4.70490494349672e-06,5.344267,0.0,0.0,0.0,0.0,0.0,0.0,0.0
2.1362804301131298e-05,4.580493356067098e-06,5.793698,0.0,0.0,0.0,0.0,0.0,0.0,0.0
5.378024860882024e-06,3.104766371773082e-05,0.0,0.0,0.0,-3.899537,0.0,0.0,0.0,0.3541374432
4.282280749708506e-06,3.4427641913449716e-06,0.0,0.0,0.0,0.0,0.0,0.0,0.0,0.0
1.9247994369402852e-05,2.5166485983806098e-05,6.183206,0.0,0.0,-4.335095,0.0,0.0,0.0,0.3911277888
1.370585133105273e-05,1.5793276851183427e-05,6.418869,0.0,0.0,-4.877991,0.0,0.0,0.0,0.30735728640000004
6.597028154264453e-06,1.7618145523024284e-05,7.111537,9.016005,-8.665176,-4.661379,0.0,0.06234171264,0.1195048512,0.2789744544
3.421716130813757e-05,1.869847253671615e-06,5.145478,0.0,0.0,0.0,0.0,0.0,0.0,0.0
2.752669034751165e-05,1.3972018471498109e-05,5.508028,0.0,0.0,-5.458961,0.0,0.0,0.0,0.38238410879999996
6.187983549083843e-07,1.4568517765047753e-07,0.0,0.0,0.0,0.0,0.0,0.0,0.0,0.0
1.8836933845240534e-06,2.2895945589792228e-05,0.0,0.0,-9.45708,-4.319389,0.0,0.0,0.07819681248,0.2864787264
7.80054349790902e-06,1.8047609185902248e-06,6.72174,8.381042,0.0,0.0,0.0,0.07644203712,0.0,0.0
3.285290251607427e-06,4.203478627513736e-05,0.0,0.0,0.0,-3.41601,0.0,0.0,0.0,0.4199360544
1.1871077188733507e-05,3.5431847942357605e-05,7.295759,0.0,0.0,-3.720671,0.0,0.0,0.0,0.4141789632
7.082293189503938e-06,1.9597166340645067e-05,7.131009,0.0,0.0,-4.538525,0.0,0.0,0.0,0.29271119040000004
1.0521520719845374e-05,1.035355371169897e-06,6.504458,8.767715,0.0,0.0,0.0,0.10313231040000001,0.0,0.0
1.3117725069503519e-05,1.820197778005296e-06,6.314855,9.191983,0.0,0.0,0.0,0.1285458336,0.0,0.0
6.130079824475581e-06,2.736008017564378e-05,7.627831,0.0,0.0,-4.088368,0.0,0.0,0.0,0.33434579519999996
2.3798969629555278e-06,5.545526587560079e-05,0.0,0.0,0.0,-2.944796,0.0,0.0,0.0,0.5187757536000001
3.662950850775025e-05,8.668768392709192e-07,5.043305,0.0,0.0,0.0,0.0,0.0,0.0,0.0
2.5023039081260852e-05,1.583885479328191e-05,5.661281,0.0,0.0,-5.173749,0.0,0.0,0.0,0.37555894079999996
2.1980996404084624e-05,1.3007405332540413e-06,5.751105,11.01726,0.0,0.0,0.0,0.2154380544,0.0,0.0
1.3700161334592659e-05,3.253983918723228e-05,6.928055,0.0,0.0,-3.86941,0.0,0.0,0.0,0.4050248832
4.144664366538665e-05,2.775877372026485e-06,4.855493,0.0,0.0,0.0,0.0,0.0,0.0,0.0
1.3435596771146447e-05,2.9570192057315306e-05,6.836075,0.0,0.0,-4.018437,0.0,0.0,0.0,0.3851786304
1.306173722557606e-05,1.10347782622111e-05,6.391098,9.687795,-8.042623,-5.23858,0.0,0.1261833984,0.18044121600000002,0.2787794496
1.991736223979924e-06,2.1286206002702468e-05,0.0,0.0,-9.115754,-4.412887,0.0,0.0,0.08368939008,0.2773185984
3.7936879316047702e-06,4.019758675808655e-05,0.0,0.0,0.0,-3.490003,0.0,0.0,0.0,0.40895547839999996
1.090045499902975e-05,1.1075199926737319e-05,6.560497,9.25076,-7.823277,-5.189741,0.0,0.1053160704,0.16747188480000003,0.2668150368
4.0688950427764265e-06,3.4606058313319567e-05,0.0,0.0,0.0,-3.729837,0.0,0.0,0.0,0.37157261760000004
3.801486211809333e-05,2.5475201013757766e-06,4.988068,0.0,0.0,0.0,0.0,0.0,0.0,0.0
1.2484820584891518e-05,1.877401361355083e-05,6.584375,0.0,0.0,-4.64884,0.0,0.0,0.0,0.31683631679999996
2.256833628601625e-05,1.7529770549292942e-05,5.825868,0.0,0.0,-4.948873,0.0,0.0,0.0,0.3689400096
7.808437015548122e-06,2.807288600329852e-05,7.437244,0.0,0.0,-4.05893,0.0,0.0,0.0,0.3470556672
3.956142137327196e-06,9.090086408107977e-06,0.0,0.0,-7.133241,-5.254073,0.0,0.0,0.1369203264,0.2194960032
1.9955025746615585e-05,2.51447762613448e-05,6.129132,0.0,0.0,-4.347246,0.0,0.0,0.0,0.39509052479999995
1.911188462304615e-05,3.390241334755906e-07,5.919088,10.32926,0.0,0.0,0.0,0.1873560672,0.0,0.0
5.3265899027345054e-05,7.119073500947204e-07,4.458412,0.0,0.0,0.0,0.0,0.0,0.0,0.0
4.152391176014973e-06,1.4099873705649668e-05,0.0,0.0,-7.881075,-4.882358,0.0,0.0,0.1189419552,0.2469965184
3.85242738417872e-05,8.094473585157358e-06,4.976951,0.0,0.0,-7.205422,0.0,0.0,0.0,0.432539136
2.1188287845996457e-06,1.0794116730476315e-05,0.0,0.0,-7.329541,-5.112344,0.0,0.0,0.12088474560000001,0.2190703968
2.1600330269157044e-05,8.807085710268846e-06,5.800951,0.0,0.0,-5.745571,0.0,0.0,0.0,0.31905411840000003
4.734216818161963e-06,3.2598934224615076e-05,0.0,0.0,0.0,-3.823692,0.0,0.0,0.0,0.3612520512
1.4957797095386462e-05,2.0959484689071495e-05,6.428395,0.0,0.0,-4.539402,0.0,0.0,0.0,0.3428104032
1.1919086470757042e-05,1.0385010668631607e-05,6.469781,9.391912,-7.796642,-5.267213,0.0,0.1153527264,0.1760990112,0.268986096
1.789354450761827e-05,1.9200057465639322e-05,6.164629,0.0,0.0,-4.710031,0.0,0.0,0.0,0.349850448
8.75133515764891e-07,4.992872584860743e-05,0.0,0.0,0.0,-3.125267,0.0,0.0,0.0,0.4699470528
5.974106864625228e-06,2.9228603815146295e-05,7.77238,0.0,0.0,-3.991575,0.0,0.0,0.0,0.34532991360000004
3.967130932433773e-05,5.544288963372779e-08,4.92192,0.0,0.0,0.0,0.0,0.0,0.0,0.0
8.308748675949787e-06,2.0906615976683302e-05,7.048535,0.0,0.0,-4.467,0.0,0.0,0.0,0.3065920416
1.4202254028853747e-05,1.1079774897226225e-05,6.306876,9.948369,-8.195504,-5.262365,0.0,0.1371659616,0.18720858240000002,0.2855562336
1.5746255395229912e-05,7.294320025370747e-06,6.160191,9.925191,-7.63149,-5.657752,0.0,0.15336432,0.2114305632,0.2758251744
1.4420054506457392e-06,2.562339410184197e-05,0.0,0.0,-10.08045,-4.1679,0.0,0.0,0.06807112992,0.3012071616
4.9735771314103174e-06,3.212007799069939e-05,0.0,0.0,0.0,-3.846916,0.0,0.0,0.0,0.3592194912
2.845454266914475e-05,4.54417777029168e-06,5.414885,0.0,0.0,0.0,0.0,0.0,0.0,0.0
6.799308923391226e-06,2.341110244526312e-05,7.325255,0.0,0.0,-4.308268,0.0,0.0,0.0,0.3135876768
1.4983498836069147e-05,8.387421385546625e-06,6.221788,9.852413,-7.751753,-5.525875,0.0,0.14563584,0.2023860384,0.2766434688
1.1362786331943263e-05,3.4768244571330605e-05,7.328753,0.0,0.0,-3.748579,0.0,0.0,0.0,0.40732848
3.676646338167129e-05,9.394835528040957e-06,5.052469,0.0,0.0,-6.735539,0.0,0.0,0.0,0.4251261024
5.62746167231652e-06,4.8453932675715554e-05,0.0,0.0,0.0,-3.179948,0.0,0.0,0.0,0.4765626144
2.668688058358034e-05,1.8079344702665606e-05,5.58987,0.0,0.0,-5.026839,0.0,0.0,0.0,0.3976704288
1.696627609228797e-06,2.588700078464424e-05,0.0,0.0,-10.15681,-4.154069,0.0,0.0,0.06852707999999999,0.3040358976
3.877207337153046e-06,5.235470253705518e-05,0.0,0.0,0.0,-3.045226,0.0,0.0,0.0,0.4995039744
3.8052593939446713e-07,6.068932120181699e-05,0.0,0.0,0.0,-2.787103,0.0,0.0,0.0,0.5561102304
2.416297865500813e-05,5.017611261892597e-06,5.637954,0.0,0.0,0.0,0.0,0.0,0.0,0.0
4.746510274333474e-06,4.862204144362013e-06,0.0,0.0,0.0,0.0,0.0,0.0,0.0,0.0
1.1175549388250691e-05,3.1532782707510725e-05,7.182982,0.0,0.0,-3.902406,0.0,0.0,0.0,0.385679232
2.53380199536148e-05,1.4288520072540122e-05,5.62922,0.0,0.0,-5.334057,0.0,0.0,0.0,0.3697435296
1.1875662590834408e-05,5.659308941462435e-06,6.423352,9.091528,-7.027547,-5.690295,0.0,0.11598016320000001,0.194703264,0.2453435136
1.6349088950818413e-05,2.41760287194362e-05,6.391891,0.0,0.0,-4.355058,0.0,0.0,0.0,0.36894476159999995
1.776173797304982e-06,3.442288711982953e-05,0.0,0.0,0.0,-3.734952,0.0,0.0,0.0,0.3601780128
1.4094055961084174e-06,3.2157465654969984e-05,0.0,0.0,0.0,-3.839101,0.0,0.0,0.0,0.3433010688
1.8820554728997742e-05,4.195948746649048e-06,5.944442,10.38638,0.0,0.0,0.0,0.18409584959999997,0.0,0.0
3.877700470202591e-06,3.511732004176882e-05,0.0,0.0,0.0,-3.706536,0.0,0.0,0.0,0.3741636672
3.9118986346077094e-05,5.005487836986302e-06,4.947177,0.0,0.0,0.0,0.0,0.0,0.0,0.0
3.5569999063455372e-06,2.4634418140607322e-05,0.0,0.0,0.0,-4.225782,0.0,0.0,0.0,0.3050480736
2.2841078926758508e-05,1.0498072732902531e-06,5.702574,11.23378,0.0,0.0,0.0,0.2238846048,0.0,0.0
2.553650282144392e-05,1.0885849778023456e-05,5.592483,0.0,0.0,-5.705853,0.0,0.0,0.0,0.3543293376
1.783568336721561e-05,2.1233229872368585e-05,6.207577,0.0,0.0,-4.567392,0.0,0.0,0.0,0.3607274304
4.063203699623768e-06,7.811087432047935e-06,0.0,0.0,-6.966629,-5.357938,0.0,0.0,0.1425874752,0.2135379456
5.300146775081748e-06,2.1896106246515195e-05,0.0,0.0,0.0,-4.388233,0.0,0.0,0.0,0.29707741439999996
4.146888231362734e-05,6.091230249297394e-06,4.85863,0.0,0.0,0.0,0.0,0.0,0.0,0.0
3.3323684600591656e-05,7.849528587270416e-07,5.183882,0.0,0.0,0.0,0.0,0.0,0.0,0.0
4.8493431689574735e-06,2.5882368493478248e-05,0.0,0.0,0.0,-4.161952,0.0,0.0,0.0,0.3189537216
2.0283619346687182e-05,2.0296847411808924e-05,6.014626,0.0,0.0,-4.679799,0.0,0.0,0.0,0.36991944000000004
2.2503766652084218e-05,3.2780834811884844e-06,5.724804,11.24241,0.0,0.0,0.0,0.220299696,0.0,0.0
3.716945233846617e-05,1.0234195700728352e-05,5.038455,0.0,0.0,-6.612889,0.0,0.0,0.0,0.4317448608
3.161399475450381e-05,1.003020327667983e-05,5.282324,0.0,0.0,-6.190622,0.0,0.0,0.0,0.3912492672
6.254023782544998e-06,2.5871733786698426e-05,7.522806,0.0,0.0,-4.168302,0.0,0.0,0.0,0.3257580672
1.6250334795453793e-05,2.6829203330444228e-05,6.471906,0.0,0.0,-4.196288,0.0,0.0,0.0,0.3838899744
8.624989008561661e-06,1.81157632127028e-05,6.921764,0.0,0.0,-4.646657,0.0,0.0,0.0,0.2923484832
1.4107118681639988e-05,2.7133485019381855e-06,6.247751,9.380763,0.0,0.0,0.0,0.1381738176,0.0,0.0
9.303313007651913e-06,4.1067549990739175e-05,8.102262,0.0,0.0,-3.467029,0.0,0.0,0.0,0.439548336
2.367226562832409e-05,1.5903790857190523e-05,5.740362,0.0,0.0,-5.121915,0.0,0.0,0.0,0.3673600128
1.3371675669812997e-05,3.4480534147053806e-05,7.053782,0.0,0.0,-3.773588,0.0,0.0,0.0,0.41564448000000004
1.840240669897189e-05,2.0572586355764082e-05,6.152732,0.0,0.0,-4.622912,0.0,0.0,0.0,0.3603527136
1.0170869578184439e-05,4.0309718745887585e-05,7.877428,0.0,0.0,-3.500957,0.0,0.0,0.0,0.43840725119999996
4.012514386719944e-06,1.4616310756324194e-05,0.0,0.0,-7.959994,-4.845633,0.0,0.0,0.1163498688,0.24911245440000002
4.347325363457867e-06,3.428295083612383e-05,0.0,0.0,0.0,-3.745018,0.0,0.0,0.0,0.37066299840000005
5.8351140587048485e-06,2.3272416197703715e-05,7.438081,0.0,0.0,-4.311031,0.0,0.0,0.0,0.307930464
2.224156312860577e-05,1.785513774501538e-05,5.850379,0.0,0.0,-4.913301,0.0,0.0,0.0,0.36864383040000004
8.293206110081635e-06,1.537656370700383e-05,6.875606,9.131219,-8.378243,-4.828625,0.0,0.07905816,0.13668696,0.2754395712
2.401590554453711e-05,7.6231834910553905e-06,5.65666,0.0,0.0,-6.014907,0.0,0.0,0.0,0.32894639999999997
1.5258397740333048e-05,2.8392846680983386e-05,6.610772,0.0,0.0,-4.097987,0.0,0.0,0.0,0.3877842816
1.0912741515719722e-05,1.3098211820601777e-05,6.594035,9.439501,-8.203623,-5.031158,0.0,0.1048134816,0.15995232,0.2774186496
1.4096039342928935e-06,1.2589261088266786e-05,0.0,0.0,-7.578743,-4.978202,0.0,0.0,0.11058171839999999,0.2251304928
5.369452067082856e-05,1.3490683040768193e-06,4.445673,0.0,0.0,0.0,0.0,0.0,0.0,0.0
2.1950088705973812e-05,1.0443369673676649e-05,5.791942,0.0,0.0,-5.585254,0.0,0.0,0.0,0.32917968
5.965061621730268e-06,7.649130536383363e-06,6.929679,8.261754,-7.001713,-5.391292,0.0,0.05808430944,0.1533154176,0.2226370752
2.529023817548145e-05,5.359238565389709e-06,5.578595,0.0,0.0,0.0,0.0,0.0,0.0,0.0
1.679222297105138e-05,4.259164331405558e-06,6.073128,9.949629,0.0,0.0,0.0,0.1642521024,0.0,0.0
1.9753415166155763e-06,2.6039093774427647e-06,0.0,0.0,0.0,0.0,0.0,0.0,0.0,0.0
4.277048556112341e-05,4.133299970046641e-06,4.807804,0.0,0.0,0.0,0.0,0.0,0.0,0.0
3.7944340746741364e-05,1.9752213552401865e-07,4.989861,0.0,0.0,0.0,0.0,0.0,0.0,0.0
2.4107986877962007e-06,4.688311118399577e-05,0.0,0.0,0.0,-3.232849,0.0,0.0,0.0,0.452184768
7.796903368402997e-06,2.8115861075126137e-05,7.441183,0.0,0.0,-4.056632,0.0,0.0,0.0,0.3472656192
2.0493085424864605e-05,1.0271354778253147e-05,5.878076,0.0,0.0,-5.541878,0.0,0.0,0.0,0.31922208
7.728525063512018e-06,4.2916961065200364e-05,8.624684,0.0,0.0,-3.389106,0.0,0.0,0.0,0.4453033536
3.826966396271082e-06,1.3357306036489046e-05,0.0,0.0,-7.750593,-4.932881,0.0,0.0,0.1199695104,0.2413196064
5.2962412666453606e-05,1.146435390051166e-06,4.467627,0.0,0.0,0.0,0.0,0.0,0.0,0.0
1.0408830633355698e-05,3.863448071482258e-05,7.714327,0.0,0.0,-3.572242,0.0,0.0,0.0,0.4281917472
6.525731838082926e-06,3.169766204197067e-08,6.825785,8.202543,0.0,0.0,0.0,0.0639734544,0.0,0.0
2.7677873175841506e-05,1.5082450590686918e-05,5.508708,0.0,0.0,-5.349267,0.0,0.0,0.0,0.38887473599999994
9.059804500539182e-06,3.233775666777604e-05,7.511882,0.0,0.0,-3.851679,0.0,0.0,0.0,0.38021719680000005
1.1050971674349501e-05,3.654228807994844e-05,7.476721,0.0,0.0,-3.666357,0.0,0.0,0.0,0.4173813792
2.785062410617014e-05,1.102568453412536e-05,5.471513,0.0,0.0,-5.813408,0.0,0.0,0.0,0.3702695328
1.0758462272463253e-05,1.623617883932634e-05,6.673242,0.0,0.0,-4.799128,0.0,0.0,0.0,0.29339452800000004
9.887363958325961e-06,1.24619848631556e-05,6.668138,9.17316,-7.9794,-5.063095,0.0,0.0951634656,0.1563720768,0.2684377152
1.6235516244763192e-05,1.3900999911676833e-05,6.198243,0.0,0.0,-5.07811,0.0,0.0,0.0,0.3119008896
2.190357494519608e-05,1.3344355900447234e-05,5.819959,0.0,0.0,-5.29585,0.0,0.0,0.0,0.343280592
1.9506989266765157e-05,1.4297717123823052e-05,5.980683,0.0,0.0,-5.132898,0.0,0.0,0.0,0.3334265856
9.668981262400722e-06,2.1545154349785294e-05,6.930002,0.0,0.0,-4.439695,0.0,0.0,0.0,0.3173995584
1.9588079979544325e-05,2.336686704135871e-06,5.892503,10.47395,0.0,0.0,0.0,0.1918947456,0.0,0.0
1.0413208123692883e-05,7.12380194979842e-06,6.548216,8.912008,-7.146873,-5.515769,0.0,0.1014768864,0.18020689920000002,0.2442026016
1.0128581590288932e-05,4.115396885866132e-05,7.950307,0.0,0.0,-3.46619,0.0,0.0,0.0,0.4439881728
2.3220008899627317e-05,1.7451776087873474e-05,5.784902,0.0,0.0,-4.973959,0.0,0.0,0.0,0.37256068800000003
4.234031043593496e-06,2.3626415772333538e-05,0.0,0.0,0.0,-4.284114,0.0,0.0,0.0,0.302180112
2.984877993628977e-05,3.1002652742864524e-06,5.344764,0.0,0.0,0.0,0.0,0.0,0.0,0.0
8.660962530740192e-07,3.698495403890968e-05,0.0,0.0,0.0,-3.621626,0.0,0.0,0.0,0.37399034880000004
1.0026878255219276e-05,1.621843992136459e-05,6.737718,0.0,0.0,-4.790644,0.0,0.0,0.0,0.2893262112
5.488981276961199e-06,3.3517573988678864e-05,0.0,0.0,0.0,-3.782823,0.0,0.0,0.0,0.3708135072
6.2841010321654146e-06,7.956555396752352e-07,6.84706,8.172598,0.0,0.0,0.0,0.0616002192,0.0,0.0
1.1894299324269153e-06,2.13140242455662e-06,0.0,0.0,0.0,0.0,0.0,0.0,0.0,0.0
3.11277861439815e-05,1.3694689020677698e-05,5.324598,0.0,0.0,-5.667104,0.0,0.0,0.0,0.40510203840000003
4.5167012809762016e-05,1.8118264207635262e-06,4.720706,0.0,0.0,0.0,0.0,0.0,0.0,0.0
2.587528768942881e-05,1.2215959341027895e-05,5.583275,0.0,0.0,-5.573213,0.0,0.0,0.0,0.36298013760000003
1.3566922707961982e-06,1.4655529317615224e-05,0.0,0.0,-7.895996,-4.833084,0.0,0.0,0.1028074464,0.23615910720000002
1.718592034961859e-06,4.432343211820864e-05,0.0,0.0,0.0,-3.326799,0.0,0.0,0.0,0.430379568
8.38612496508882e-06,3.430331166049961e-05,7.743296,0.0,0.0,-3.756297,0.0,0.0,0.0,0.38969579520000003
2.7609099966878314e-05,1.0169845735263825e-05,5.479053,0.0,0.0,-5.906678,0.0,0.0,0.0,0.36460592639999995
1.443884437728934e-05,3.942261210399786e-06,6.229404,9.477461,0.0,0.0,0.0,0.14128344,0.0,0.0
2.8781575232425195e-06,1.977129264307485e-05,0.0,0.0,-8.843674,-4.505981,0.0,0.0,0.09291119040000001,0.2726625888
2.9626031785079503e-05,2.239473154714239e-06,5.354265,0.0,0.0,0.0,0.0,0.0,0.0,0.0
4.018211774127578e-06,2.9049752907261008e-05,0.0,0.0,0.0,-3.99451,0.0,0.0,0.0,0.3348845856
4.2973852130825696e-05,5.072415259306925e-06,4.801481,0.0,0.0,0.0,0.0,0.0,0.0,0.0
1.0331666819771226e-05,1.3675924040617933e-05,6.654046,9.37693,-8.25373,-4.9782,0.0,0.09905405760000001,0.1544466528,0.2772791136
1.0856432173257837e-05,8.470090405158562e-06,6.528257,9.058847,-7.382427,-5.40697,0.0,0.1055313792,0.1773605376,0.25335771840000004
1.4487493503553917e-05,2.230480168399931e-05,6.501572,0.0,0.0,-4.446536,0.0,0.0,0.0,0.34781633279999996
3.518801323550687e-05,6.416724145407174e-06,5.110819,0.0,0.0,0.0,0.0,0.0,0.0,0.0
2.0925710840511426e-05,2.385023084381342e-05,6.032594,0.0,0.0,-4.446676,0.0,0.0,0.0,0.39342084479999995
1.8829163620582634e-06,3.3859053750364635e-05,0.0,0.0,0.0,-3.760622,0.0,0.0,0.0,0.3568179168
1.5708447273268812e-06,4.6596216519012435e-05,0.0,0.0,0.0,-3.242794,0.0,0.0,0.0,0.446844384
4.445564367588826e-06,4.7946487751472916e-05,0.0,0.0,0.0,-3.196507,0.0,0.0,0.0,0.4680632736
1.7995320498632346e-05,2.7447459783081715e-05,6.338517,0.0,0.0,-4.181451,0.0,0.0,0.0,0.3972739392
8.055907780712193e-06,2.992999308845093e-05,7.510107,0.0,0.0,-3.965142,0.0,0.0,0.0,0.35992434240000004
1.4596626301828098e-06,1.0537384499892162e-05,0.0,0.0,-7.285297,-5.12966,0.0,0.0,0.11857406399999999,0.2144515392
1.2706047708687017e-05,6.7578626638935316e-06,6.370551,9.290098,-7.253862,-5.609816,0.0,0.1238849856,0.19510571519999997,0.25542043200000003
2.9037733732282834e-05,8.296639730796789e-06,5.398403,0.0,0.0,-6.259103,0.0,0.0,0.0,0.36556902719999995
3.217511114787015e-05,2.193135954524217e-06,5.235939,0.0,0.0,0.0,0.0,0.0,0.0,0.0
2.185453507100211e-05,1.7007773644964699e-06,5.758733,10.9965,0.0,0.0,0.0,0.214165296,0.0,0.0
3.692632085891872e-05,2.717544686455823e-06,5.032256,0.0,0.0,0.0,0.0,0.0,0.0,0.0
1.0640263184453202e-05,8.806762101000472e-06,6.549423,9.041353,-7.419763,-5.373196,0.0,0.1033598016,0.17477294399999999,0.25383464640000003
1.7511060067285607e-05,2.31692682514384e-05,6.273703,0.0,0.0,-4.434761,0.0,0.0,0.0,0.3697571808
1.732402577262392e-05,5.965634235974898e-06,6.047038,10.16769,-7.559729,-5.859607,0.0,0.1690854912,0.2266473312,0.278967888
2.262912615423025e-05,1.8597061342632296e-05,5.835743,0.0,0.0,-4.864031,0.0,0.0,0.0,0.3749476608
3.674284098778611e-06,3.9362142806337306e-05,0.0,0.0,0.0,-3.524042,0.0,0.0,0.0,0.4025539296
4.317124414580848e-05,2.859028556645973e-06,4.792117,0.0,0.0,0.0,0.0,0.0,0.0,0.0
7.433593537402221e-06,3.086772411537054e-05,7.659188,0.0,0.0,-3.915767,0.0,0.0,0.0,0.36283533120000006
3.3487159388441186e-05,1.2369249640526378e-05,5.206943,0.0,0.0,-5.980004,0.0,0.0,0.0,0.415103184
1.4559932898985357e-05,1.0465326472235619e-05,6.273426,9.962326,-8.113867,-5.324758,0.0,0.1408441824,0.1917378432,0.284516496
1.8659757490980808e-05,8.240489533725221e-06,5.976397,0.0,0.0,-5.674988,0.0,0.0,0.0,0.2980142496
8.119705515937104e-07,2.9584517173002992e-06,0.0,0.0,0.0,0.0,0.0,0.0,0.0,0.0
9.744389999748613e-06,2.2816442012690602e-05,6.96795,0.0,0.0,-4.363936,0.0,0.0,0.0,0.3252006144
2.0862959250150315e-05,2.1651389465474424e-05,5.997562,0.0,0.0,-4.595177,0.0,0.0,0.0,0.38079823679999997
2.9303358947405196e-05,9.423503281686187e-06,5.390293,0.0,0.0,-6.115104,0.0,0.0,0.0,0.372556368
1.8163486096576327e-05,2.418817549709011e-05,6.245463,0.0,0.0,-4.380016,0.0,0.0,0.0,0.379295136
1.5778625360597945e-05,3.129372454697483e-05,6.658277,0.0,0.0,-3.948646,0.0,0.0,0.0,0.408271536
8.818122727019632e-06,2.346438124587932e-05,7.093162,0.0,0.0,-4.318546,0.0,0.0,0.0,0.3242006208
3.746377078430238e-05,9.497222561452345e-06,5.023911,0.0,0.0,-6.784064,0.0,0.0,0.0,0.43068041279999997
2.778122980616981e-05,4.917315307969572e-09,5.442745,0.0,0.0,0.0,0.0,0.0,0.0,0.0
1.3027729768887072e-05,1.7240938466245888e-05,6.502992,0.0,0.0,-4.762198,0.0,0.0,0.0,0.3113913024
2.7014760486442526e-05,1.0253642670366189e-05,5.510212,0.0,0.0,-5.861359,0.0,0.0,0.0,0.3610429632
4.702186365575281e-06,1.965929928897145e-05,0.0,0.0,-8.926994,-4.520024,0.0,0.0,0.1025872128,0.2810057184
5.258209856823163e-06,4.793429343073566e-05,0.0,0.0,0.0,-3.197875,0.0,0.0,0.0,0.47120754239999996
1.0323113042638353e-05,7.19994813779093e-06,6.556097,8.900759,-7.152373,-5.50687,0.0,0.1005862752,0.17937979199999998,0.2440741248
1.938513693594504e-05,1.6658662769722224e-05,6.019691,0.0,0.0,-4.934778,0.0,0.0,0.0,0.34501343040000004
7.960961125213207e-06,2.5817243787768703e-05,7.299449,0.0,0.0,-4.180277,0.0,0.0,0.0,0.33394610880000003
1.7994648673597144e-05,8.073016990379334e-06,6.017561,0.0,0.0,-5.665088,0.0,0.0,0.0,0.2931382656
2.7334383880305357e-05,6.060203066844552e-06,5.475024,0.0,0.0,0.0,0.0,0.0,0.0,0.0
3.522288708799688e-05,4.735550051980738e-06,5.105913,0.0,0.0,0.0,0.0,0.0,0.0,0.0
2.044153665386271e-05,2.4445522769361214e-05,6.078902,0.0,0.0,-4.399563,0.0,0.0,0.0,0.3939410592
1.4852912643269894e-05,6.705725245728124e-06,6.217031,9.69689,-7.433216,-5.684365,0.0,0.14481616320000001,0.2082761856,0.2676841344
2.5611989037653824e-05,1.368000121297792e-05,5.608906,0.0,0.0,-5.406504,0.0,0.0,0.0,0.36847491839999996
2.814991429155994e-05,1.3811998702272373e-05,5.474285,0.0,0.0,-5.504774,0.0,0.0,0.0,0.38570420159999996
2.4769789958587282e-05,5.480311782318553e-06,5.606739,0.0,0.0,0.0,0.0,0.0,0.0,0.0
1.0371698299107385e-05,1.6161803924798232e-05,6.70556,0.0,0.0,-4.799103,0.0,0.0,0.0,0.290884608
4.895726537877355e-06,2.111237581972625e-05,0.0,0.0,-9.253143,-4.432755,0.0,0.0,0.0988927488,0.290445264
2.4360670380864337e-06,5.7862659220292967e-05,0.0,0.0,0.0,-2.870848,0.0,0.0,0.0,0.5384196576
8.209872742164989e-06,2.0347597589125818e-05,7.038501,0.0,0.0,-4.500634,0.0,0.0,0.0,0.30285377280000003
2.015456555946076e-05,5.9341975693406435e-06,5.87056,0.0,0.0,-6.002129,0.0,0.0,0.0,0.2963389536
7.645299274912897e-06,2.5598979245894705e-06,6.737355,8.368119,0.0,0.0,0.0,0.07489224576,0.0,0.0
2.1162768366000872e-05,5.253091948822967e-06,5.807842,0.0,0.0,0.0,0.0,0.0,0.0,0.0
2.3152771975019307e-07,3.918209372910148e-05,0.0,0.0,0.0,-3.528992,0.0,0.0,0.0,0.3869693568
3.1674706317693605e-05,4.72473648626095e-06,5.26246,0.0,0.0,0.0,0.0,0.0,0.0,0.0
8.608995666251345e-06,3.190566572627867e-05,7.55083,0.0,0.0,-3.870391,0.0,0.0,0.0,0.3752266464
4.632117698705282e-06,9.175980954083069e-06,0.0,0.0,-7.16383,-5.252829,0.0,0.0,0.140117472,0.22341553919999999
2.1462074096906466e-05,1.4437754207618306e-05,5.858235,0.0,0.0,-5.18082,0.0,0.0,0.0,0.3460944672
5.992543259505445e-05,1.8843324666917295e-09,4.269094,0.0,0.0,0.0,0.0,0.0,0.0,0.0
1.4012248867104144e-05,1.55202297360895e-05,6.389783,0.0,0.0,-4.903952,0.0,0.0,0.0,0.3076296192
4.101391559797514e-06,4.710548253242867e-05,0.0,0.0,0.0,-3.22621,0.0,0.0,0.0,0.46042015680000004
1.0926583213247642e-05,3.9720473404810605e-05,7.703248,0.0,0.0,-3.528301,0.0,0.0,0.0,0.4379994432
3.614882305691674e-05,1.2324515365331613e-06,5.063293,0.0,0.0,0.0,0.0,0.0,0.0,0.0
4.6496650650882426e-06,5.2107910766554555e-05,0.0,0.0,0.0,-3.05401,0.0,0.0,0.0,0.5004485856
6.7239428479701375e-06,3.0160486521196464e-05,7.720173,0.0,0.0,-3.947792,0.0,0.0,0.0,0.3548768544
3.142924907623826e-05,1.0967848986151377e-05,5.295311,0.0,0.0,-6.04155,0.0,0.0,0.0,0.3942929664
2.598543661849158e-05,2.3925090447164024e-06,5.535349,0.0,0.0,0.0,0.0,0.0,0.0,0.0
2.4644342820112077e-05,1.531244364151217e-05,5.677808,0.0,0.0,-5.209328,0.0,0.0,0.0,0.37047533759999995
2.115906568514555e-05,3.612894189754373e-06,5.802537,10.91262,0.0,0.0,0.0,0.2070792,0.0,0.0
6.171421551966125e-06,6.656995035147797e-06,6.897689,8.257472,-6.878855,-5.478054,0.0,0.06019223616,0.1584738432,0.21878683200000001
2.161111214562528e-06,3.849265447556212e-05,0.0,0.0,0.0,-3.558498,0.0,0.0,0.0,0.3900076128
1.8443426257239777e-05,2.5030854886996113e-05,6.242704,0.0,0.0,-4.331657,0.0,0.0,0.0,0.38573193600000005
1.2410566195916118e-06,6.283657621303525e-05,0.0,0.0,0.0,-2.72624,0.0,0.0,0.0,0.5764865472
4.271228320612268e-05,1.307828693244445e-06,4.807971,0.0,0.0,0.0,0.0,0.0,0.0,0.0
1.394534152330006e-05,1.747494879646749e-05,6.433212,0.0,0.0,-4.760648,0.0,0.0,0.0,0.31780840320000003
9.669813588712794e-07,1.1893181648539996e-05,0.0,0.0,-7.472558,-5.027843,0.0,0.0,0.11099367360000001,0.2192226336
9.550281315933783e-06,6.773269345360632e-06,6.61325,8.757412,-7.045149,-5.527802,0.0,0.0931235616,0.1767020832,0.237677328
2.146329821309237e-05,2.3850594590665038e-05,5.994771,0.0,0.0,-4.456242,0.0,0.0,0.0,0.3966007104
4.267115002204183e-05,5.052465126805215e-06,4.812512,0.0,0.0,0.0,0.0,0.0,0.0,0.0
2.6284689253102124e-08,1.935881975819062e-05,0.0,0.0,-8.702643,-4.52693,0.0,0.0,0.0804238848,0.2566106784
1.9534179355325467e-06,2.0973160645322434e-05,0.0,0.0,-9.04997,-4.431343,0.0,0.0,0.08448846912,0.2752741152
2.814835894840985e-06,1.638945733464382e-05,0.0,0.0,-8.215975,-4.720526,0.0,0.0,0.1039624416,0.2529785952
3.162260062161479e-05,8.17557131839757e-06,5.27456,0.0,0.0,-6.484348,0.0,0.0,0.0,0.3829124448
1.2365148766233933e-05,3.0143044199625093e-05,6.976957,0.0,0.0,-3.980423,0.0,0.0,0.0,0.383101056
1.7550454044676385e-05,2.5004243246896516e-05,6.313501,0.0,0.0,-4.320694,0.0,0.0,0.0,0.3804987744
2.463588385045065e-06,1.0270273781178124e-05,0.0,0.0,-7.262261,-5.153441,0.0,0.0,0.124641504,0.2180445696
2.652719415795183e-05,2.659199898230712e-06,5.507862,0.0,0.0,0.0,0.0,0.0,0.0,0.0
3.112401384195792e-05,1.1236105285731302e-06,5.283127,0.0,0.0,0.0,0.0,0.0,0.0,0.0
1.823599164672713e-05,7.080231654957437e-07,5.973127,10.14391,0.0,0.0,0.0,0.17876108159999998,0.0,0.0
1.028498181612275e-05,3.5401640566265436e-06,6.530768,8.768002,0.0,0.0,0.0,0.1006788096,0.0,0.0
9.418582139159296e-06,3.371851050004571e-06,6.597605,8.633894,0.0,0.0,0.0,0.09221083199999999,0.0,0.0
2.6290743271556903e-05,1.4693657191231329e-05,5.5801,0.0,0.0,-5.331769,0.0,0.0,0.0,0.37790945280000005
6.110939806977061e-06,2.316588724547768e-05,7.398074,0.0,0.0,-4.318547,0.0,0.0,0.0,0.3086694432
7.262345025707218e-06,4.656102114575852e-05,9.182692,0.0,0.0,-3.250461,0.0,0.0,0.0,0.46939167359999995
8.781813100805259e-06,1.8694157619669084e-06,6.6422,8.518962,0.0,0.0,0.0,0.08605555776,0.0,0.0
1.2265210589588482e-05,3.440318985762469e-05,7.189017,0.0,0.0,-3.770573,0.0,0.0,0.0,0.4095082656
7.006948685586623e-06,2.2978578503017967e-05,7.280126,0.0,0.0,-4.334423,0.0,0.0,0.0,0.3120605568
7.936558365421321e-06,2.4741275441498185e-05,7.250766,0.0,0.0,-4.239727,0.0,0.0,0.0,0.3273117984
4.932550333609251e-06,1.632861898154761e-05,0.0,0.0,-8.299536,-4.73484,0.0,0.0,0.1150773696,0.2632380768
1.7190725259383365e-05,1.336242951469425e-05,6.124108,0.0,0.0,-5.147227,0.0,0.0,0.0,0.3147359328
5.037462598912991e-06,2.0556103060505447e-05,0.0,0.0,-9.143247,-4.466892,0.0,0.0,0.1014187392,0.2878932672
9.386556590968823e-06,2.571118321854521e-06,6.596523,8.615249,0.0,0.0,0.0,0.09194817599999999,0.0,0.0
1.7295786683883312e-05,1.5151426717936123e-06,6.033134,9.960824,0.0,0.0,0.0,0.16950720960000001,0.0,0.0
5.676380137224512e-07,3.440819688452544e-05,0.0,0.0,0.0,-3.734946,0.0,0.0,0.0,0.35487590399999996
2.9666493580675636e-08,4.2533242421146106e-05,0.0,0.0,0.0,-3.394834,0.0,0.0,0.0,0.410600448
1.6653135809210663e-06,2.5135097417953562e-05,0.0,0.0,-9.969012,-4.194542,0.0,0.0,0.07052730912,0.2991996576
6.904417160926199e-06,1.2100671355259858e-05,6.92594,8.618602,-7.695047,-5.050268,0.0,0.06654075264,0.1410129216,0.25050695040000004
1.569139874333206e-05,6.620476458685909e-07,6.136524,9.637944,0.0,0.0,0.0,0.1538186976,0.0,0.0
1.724899733811873e-05,1.6108966763381103e-05,6.159068,0.0,0.0,-4.926768,0.0,0.0,0.0,0.3294425952
4.1900970167246515e-05,2.8947585597220405e-06,4.838666,0.0,0.0,0.0,0.0,0.0,0.0,0.0
3.652390679035449e-05,7.356958240654614e-06,5.05678,0.0,0.0,-7.136699,0.0,0.0,0.0,0.41457614400000004
4.0794314022709705e-06,4.326728478449729e-05,0.0,0.0,0.0,-3.369007,0.0,0.0,0.0,0.4321260576
3.2201659080484114e-06,1.545404949150342e-07,0.0,0.0,0.0,0.0,0.0,0.0,0.0,0.0
2.632742846888957e-05,1.6226840878476106e-05,5.591732,0.0,0.0,-5.184114,0.0,0.0,0.0,0.38587242239999997
5.4607351676351784e-05,1.2179319984382242e-06,4.418613,0.0,0.0,0.0,0.0,0.0,0.0,0.0
1.1660727945203865e-05,1.887961023158856e-05,6.659404,0.0,0.0,-4.630804,0.0,0.0,0.0,0.312910128
6.719385047476457e-07,4.7764848200309514e-05,0.0,0.0,0.0,-3.20065,0.0,0.0,0.0,0.45246263039999995
3.978473097942024e-06,1.6322605311416236e-05,0.0,0.0,-8.249414,-4.7299,0.0,0.0,0.1101292416,0.25839216
1.1472292476942611e-05,1.460904681791446e-05,6.576786,0.0,0.0,-4.926937,0.0,0.0,0.0,0.2885283936
1.2952674792691314e-05,2.9089652247262564e-05,6.868834,0.0,0.0,-4.039811,0.0,0.0,0.0,0.379683072
9.889689114265849e-06,1.2404185171372063e-05,6.666856,9.168606,-7.969107,-5.067566,0.0,0.0952023456,0.1566014688,0.268147152
1.550994902802707e-05,3.266890230093276e-05,6.735804,0.0,0.0,-3.876661,0.0,0.0,0.0,0.41536368
1.1095718873375752e-05,1.9327160528971633e-06,6.462868,8.864824,0.0,0.0,0.0,0.10872653759999999,0.0,0.0
2.833751818581354e-05,5.783139444975692e-06,5.42395,0.0,0.0,0.0,0.0,0.0,0.0,0.0
4.2741331063711414e-05,7.13114427765221e-06,4.813161,0.0,0.0,0.0,0.0,0.0,0.0,0.0
2.908987374240769e-05,1.1208728472329075e-05,5.409949,0.0,0.0,-5.862006,0.0,0.0,0.0,0.3794522976
1.0794422511867773e-05,1.2566319685916817e-05,6.594122,9.362333,-8.087797,-5.07002,0.0,0.1038503808,0.1612332,0.27397103040000004
8.016587996479083e-06,3.280478109606931e-05,7.698696,0.0,0.0,-3.824777,0.0,0.0,0.0,0.37813823999999996
3.7702332453157698e-06,2.6778011196286828e-05,0.0,0.0,0.0,-4.110869,0.0,0.0,0.0,0.3193440768
7.388141966877733e-06,3.597842506452608e-05,8.043124,0.0,0.0,-3.676999,0.0,0.0,0.0,0.3960461952
2.2154541365431896e-05,1.732574204266148e-05,5.849085,0.0,0.0,-4.954118,0.0,0.0,0.0,0.3653230464
1.0745255305729387e-05,3.5487724821916125e-05,7.45784,0.0,0.0,-3.712446,0.0,0.0,0.0,0.4089509856
1.2593152892182641e-05,1.5260069255638375e-06,6.351792,9.100359,0.0,0.0,0.0,0.1234198944,0.0,0.0
1.2144591322687068e-05,3.348350307219204e-05,7.158054,0.0,0.0,-3.813428,0.0,0.0,0.0,0.402998544
3.221796232944616e-05,2.501746748290461e-06,5.234312,0.0,0.0,0.0,0.0,0.0,0.0,0.0
9.769616013494465e-08,4.122738955485727e-05,0.0,0.0,0.0,-3.446154,0.0,0.0,0.0,0.401256288
2.835492914101691e-05,9.881565832642965e-06,5.439656,0.0,0.0,-5.989939,0.0,0.0,0.0,0.368257536
9.05378434609391e-06,3.9161376929868306e-05,7.992985,0.0,0.0,-3.544987,0.0,0.0,0.0,0.42532862400000004
2.7923759176473165e-06,3.307984959287859e-05,0.0,0.0,0.0,-3.797503,0.0,0.0,0.0,0.35560451519999997
2.438121769438795e-05,9.916424557128138e-06,5.649446,0.0,0.0,-5.758311,0.0,0.0,0.0,0.34216508160000003
1.0832756460008153e-06,1.0687083982919148e-05,0.0,0.0,-7.302622,-5.117527,0.0,0.0,0.11613525120000001,0.213385968
1.141517095294944e-06,8.492115513864732e-06,0.0,0.0,-7.009134,-5.287534,0.0,0.0,0.1249912512,0.2022669792
1.4002734569573402e-05,1.0886928039556997e-05,6.319056,9.881009,-8.128884,-5.273792,0.0,0.13531285440000002,0.186716016,0.28342405439999996
1.198451243426929e-05,3.738236142491553e-05,7.390012,0.0,0.0,-3.633497,0.0,0.0,0.0,0.42752577599999997
1.764692715993902e-06,5.916938056605772e-05,0.0,0.0,0.0,-2.831659,0.0,0.0,0.0,0.5471283456
1.8183282947175725e-05,2.478156043669443e-05,6.257479,0.0,0.0,-4.343304,0.0,0.0,0.0,0.38281178880000005
3.3474457696767957e-06,5.600233368379687e-06,0.0,0.0,-6.67694,-5.538089,0.0,0.0,0.14795568,0.19885677119999998
1.0486386709999674e-05,3.562997025927887e-05,7.504683,0.0,0.0,-3.704767,0.0,0.0,0.0,0.4086095328
4.1248339168866504e-05,1.7198116559428667e-06,4.862276,0.0,0.0,0.0,0.0,0.0,0.0,0.0
2.3578299754404766e-05,2.1498749867613275e-05,5.816126,0.0,0.0,-4.664453,0.0,0.0,0.0,0.3963467808
2.341230803445726e-05,2.171929340635881e-07,5.670669,11.37527,0.0,0.0,0.0,0.229515552,0.0,0.0
9.212148418879686e-06,1.6893281071200473e-05,6.83,0.0,0.0,-4.734423,0.0,0.0,0.0,0.2886586848
2.82727605959346e-05,1.462187241159324e-05,5.473896,0.0,0.0,-5.422896,0.0,0.0,0.0,0.3904983648
2.677021150727838e-05,2.4307001576872503e-06,5.495141,0.0,0.0,0.0,0.0,0.0,0.0,0.0
3.234747793793846e-05,7.898459752720537e-06,5.240284,0.0,0.0,-6.5957,0.0,0.0,0.0,0.3867807456
5.6404535151429156e-05,7.85136495863359e-08,4.366507,0.0,0.0,0.0,0.0,0.0,0.0,0.0
1.5768846556520406e-05,1.4418978430387312e-05,6.2394,0.0,0.0,-5.025434,0.0,0.0,0.0,0.3118860288
2.680140958984591e-05,7.052147132556445e-06,5.505822,0.0,0.0,-6.276564,0.0,0.0,0.0,0.34473764160000003
2.5053309626394482e-05,1.3733664486607948e-05,5.640367,0.0,0.0,-5.378018,0.0,0.0,0.0,0.365146272
2.431246421013573e-05,8.243639554758998e-06,5.643529,0.0,0.0,-5.954705,0.0,0.0,0.0,0.3337842816
3.5066152806403243e-06,1.8440373019854066e-05,0.0,0.0,-8.614596,-4.590775,0.0,0.0,0.100474128,0.268042608
1.9679315237782495e-05,1.1915651056461664e-06,5.885348,10.46476,0.0,0.0,0.0,0.1928868768,0.0,0.0
4.521208195406494e-05,4.506452291815374e-06,4.72107,0.0,0.0,0.0,0.0,0.0,0.0,0.0
4.676643462529657e-06,4.867051476221164e-05,0.0,0.0,0.0,-3.171204,0.0,0.0,0.0,0.4744027008
3.119564406867167e-05,8.371527929279308e-06,5.29517,0.0,0.0,-6.416317,0.0,0.0,0.0,0.38080618559999996
2.957116473306587e-07,7.3773288903185065e-06,0.0,0.0,-6.864261,-5.376199,0.0,0.0,0.1252952064,0.1924364736
1.0314427807577967e-05,2.434276085269343e-05,6.96541,0.0,0.0,-4.279662,0.0,0.0,0.0,0.33718766399999994
8.12305209120124e-06,1.1897933696564827e-05,6.810618,8.808675,-7.739805,-5.0805,0.0,0.0783234576,0.1485050112,0.2559236256
1.5179840502952278e-05,4.928659815932391e-06,6.183426,9.659253,0.0,0.0,0.0,0.1483746336,0.0,0.0
4.0822491746373544e-05,3.0876459047016537e-06,4.879232,0.0,0.0,0.0,0.0,0.0,0.0,0.0
7.1147108408889045e-06,1.6144577028693395e-05,7.011216,8.973299,-8.42026,-4.76386,0.0,0.06763617504,0.1274387904,0.273449088
8.161311331466894e-06,4.470817796657816e-05,8.709921,0.0,0.0,-3.321236,0.0,0.0,0.0,0.4599312192
8.142673012830518e-06,4.090403872019129e-05,8.327659,0.0,0.0,-3.470263,0.0,0.0,0.0,0.4330854432
1.2258382519810317e-05,8.969195889231072e-06,6.425934,9.347294,-7.579477,-5.39629,0.0,0.1190254176,0.1836146016,0.263764944
5.3453694408302694e-05,1.398895891903519e-06,4.452888,0.0,0.0,0.0,0.0,0.0,0.0,0.0
9.790869667658076e-07,2.301530888268361e-05,0.0,0.0,-9.457678,-4.311481,0.0,0.0,0.07351497792,0.2829536064
2.4145190553864273e-05,4.0399292266756875e-06,5.636065,0.0,0.0,0.0,0.0,0.0,0.0,0.0
5.046184112674472e-05,2.117410187317672e-06,4.545192,0.0,0.0,0.0,0.0,0.0,0.0,0.0
2.975737463985841e-05,2.817049923211724e-06,5.34871,0.0,0.0,0.0,0.0,0.0,0.0,0.0
3.66194411779097e-06,3.403848757165111e-05,0.0,0.0,0.0,-3.754828,0.0,0.0,0.0,0.3659258592
1.8772828369856697e-05,1.2099525781784127e-05,6.003538,0.0,0.0,-5.304394,0.0,0.0,0.0,0.317770992
3.068893992170987e-06,9.529544122074144e-06,0.0,0.0,-7.172286,-5.213642,0.0,0.0,0.130609584,0.21724165439999998
3.0199021316996867e-05,5.649913567107371e-06,5.333418,0.0,0.0,0.0,0.0,0.0,0.0,0.0
1.9188523454098063e-05,1.692147149254206e-05,6.036737,0.0,0.0,-4.909187,0.0,0.0,0.0,0.3452294304
1.017128128470971e-06,1.1579783644707094e-05,0.0,0.0,-7.427888,-5.050922,0.0,0.0,0.1124178912,0.2177937504
2.0008718820822447e-07,6.02828872668602e-05,0.0,0.0,0.0,-2.798856,0.0,0.0,0.0,0.5522148
1.8768488530611608e-05,7.043440602885394e-06,5.961568,0.0,0.0,-5.807115,0.0,0.0,0.0,0.2929388544
1.6758898483309716e-05,1.3645501666222456e-05,6.157788,0.0,0.0,-5.112213,0.0,0.0,0.0,0.3136472064
1.126275598022513e-05,3.417142083189534e-05,7.309452,0.0,0.0,-3.77586,0.0,0.0,0.0,0.4029668352
1.18568410429472e-05,3.4401277502216564e-05,7.242288,0.0,0.0,-3.768345,0.0,0.0,0.0,0.4074335424
3.227628940167488e-05,2.9433144405165102e-06,5.232191,0.0,0.0,0.0,0.0,0.0,0.0,0.0
5.985682322734354e-07,1.7269827890416354e-05,0.0,0.0,-8.324775,-4.65853,0.0,0.0,0.09004279679999999,0.24721044479999998
8.209507581267989e-06,3.428867207795903e-05,7.770971,0.0,0.0,-3.756275,0.0,0.0,0.0,0.38875032
9.76760915839836e-07,1.454347483013885e-05,0.0,0.0,-7.873858,-4.840151,0.0,0.0,0.1013466816,0.233692992
1.527229214440175e-05,2.5165297616140158e-05,6.511103,0.0,0.0,-4.281872,0.0,0.0,0.0,0.36869826240000003
2.0773521027098835e-05,5.006566346583413e-06,5.829717,0.0,0.0,0.0,0.0,0.0,0.0,0.0
4.324048035033401e-07,6.351336964356336e-05,0.0,0.0,0.0,-2.707361,0.0,0.0,0.0,0.5804022816000001
1.6071866762464583e-05,1.648490639139342e-05,6.250541,0.0,0.0,-4.872506,0.0,0.0,0.0,0.3245895072
3.087097233628089e-07,5.4541587265140995e-05,0.0,0.0,0.0,-2.97314,0.0,0.0,0.0,0.5048480736
1.162331852877791e-05,8.659206596785731e-06,6.470846,9.207601,-7.472777,-5.408109,0.0,0.1129375872,0.1810881792,0.25861610879999997
1.537146129987328e-05,1.5935292352162957e-06,6.158944,9.588582,0.0,0.0,0.0,0.1506441888,0.0,0.0
2.4577221256940387e-05,1.2425242096716938e-05,5.656332,0.0,0.0,-5.492115,0.0,0.0,0.0,0.35561116800000003
9.662155905979726e-06,8.78296236953829e-06,6.627832,8.872953,-7.34743,-5.355334,0.0,0.0938678976,0.16924809600000001,0.24828863040000002
3.6028996276764444e-05,7.140416592208893e-06,5.076943,0.0,0.0,-7.12687,0.0,0.0,0.0,0.4100154336
2.7682254412951284e-05,8.993891750702373e-06,5.469281,0.0,0.0,-6.065713,0.0,0.0,0.0,0.3595939488
3.5005621223705846e-05,3.4013546509433514e-06,5.113166,0.0,0.0,0.0,0.0,0.0,0.0,0.0
2.920204156694173e-05,1.6505648177130613e-05,5.440591,0.0,0.0,-5.26705,0.0,0.0,0.0,0.40600008000000004
9.039630239583944e-06,3.881698889301381e-05,7.968067,0.0,0.0,-3.559465,0.0,0.0,0.0,0.4229224704
8.974802724689138e-06,2.3704972386086685e-05,7.085646,0.0,0.0,-4.305797,0.0,0.0,0.0,0.3264358752
3.9614762723215514e-07,5.597307184868152e-05,0.0,0.0,0.0,-2.928212,0.0,0.0,0.0,0.5167996992
2.257641614138835e-05,6.355343847735761e-06,5.731134,0.0,0.0,-6.088883,0.0,0.0,0.0,0.313719696
2.9148723495929734e-05,6.3053113196601e-06,5.385756,0.0,0.0,-6.58155,0.0,0.0,0.0,0.3573604224
3.2734685793928367e-06,5.2073284272288226e-05,0.0,0.0,0.0,-3.054106,0.0,0.0,0.0,0.4951312704
5.3417057557837925e-06,2.072016717247759e-05,0.0,0.0,-9.206238,-4.45853,0.0,0.0,0.1024875936,0.2903727744
5.764175490440501e-06,2.8925876052117437e-05,7.784101,0.0,0.0,-4.006127,0.0,0.0,0.0,0.3424003488
3.6807733802102085e-05,3.02476950284617e-07,5.035881,0.0,0.0,0.0,0.0,0.0,0.0,0.0
1.6209662496881898e-05,5.048375237757773e-06,6.11497,9.870932,0.0,0.0,0.0,0.158413104,0.0,0.0
2.531742145871412e-06,5.037873415364618e-05,0.0,0.0,0.0,-3.110515,0.0,0.0,0.0,0.4793140224
2.962022056633701e-05,6.54980888141144e-06,5.363699,0.0,0.0,-6.58234,0.0,0.0,0.0,0.3617077248
1.1551177113189988e-05,1.848724960879972e-05,6.65895,0.0,0.0,-4.655518,0.0,0.0,0.0,0.3101240736
2.31605826875026e-06,3.085029281572114e-06,0.0,0.0,0.0,0.0,0.0,0.0,0.0,0.0
6.751659319416126e-08,4.1842132955464576e-07,0.0,0.0,0.0,0.0,0.0,0.0,0.0,0.0
9.855478895802848e-06,1.4130147357886386e-05,6.704551,9.324357,-8.292076,-4.937553,0.0,0.09435009600000001,0.1500410304,0.2771025984
1.0334392964310866e-05,3.1499703075625145e-06,6.525086,8.767317,0.0,0.0,0.0,0.1011933216,0.0,0.0
2.615019135758623e-05,4.403808517534891e-06,5.530797,0.0,0.0,0.0,0.0,0.0,0.0,0.0
7.688481036235211e-06,3.108839044950236e-06,6.736409,8.381961,0.0,0.0,0.0,0.0752881824,0.0,0.0
2.116639079541815e-05,1.7570378533959376e-06,5.798331,10.82728,0.0,0.0,0.0,0.20741728320000002,0.0,0.0
1.5119833041152327e-05,9.956454559117993e-06,6.227834,10.03612,-8.081554,-5.385562,0.0,0.14643901439999998,0.1971426816,0.2852278272
5.0263367773098294e-05,9.468098166219131e-07,4.551152,0.0,0.0,0.0,0.0,0.0,0.0,0.0
4.29362897545079e-05,6.540551823307088e-06,4.804997,0.0,0.0,0.0,0.0,0.0,0.0,0.0
2.5729912093030284e-05,1.8635199108816745e-05,5.650009,0.0,0.0,-4.94844,0.0,0.0,0.0,0.3944711232
1.8475612989229706e-06,1.6394427013723537e-05,0.0,0.0,-8.191284,-4.717382,0.0,0.0,0.0991183392,0.2482628832
1.3958255254320716e-05,2.0631445134363288e-05,6.504143,0.0,0.0,-4.546495,0.0,0.0,0.0,0.3353846688
8.504272220320442e-07,6.387067888285107e-05,0.0,0.0,0.0,-2.697539,0.0,0.0,0.0,0.5844114144
1.4358412089630257e-06,1.6874931598316724e-06,0.0,0.0,0.0,0.0,0.0,0.0,0.0,0.0
4.153487370910159e-06,1.0491112235804934e-05,0.0,0.0,-7.33294,-5.146489,0.0,0.0,0.13247210880000002,0.2277556704
2.523403241451054e-05,1.5126954519373846e-05,5.642555,0.0,0.0,-5.24841,0.0,0.0,0.0,0.3732923232
4.957252940985258e-06,1.8162828465885812e-05,0.0,0.0,-8.644849,-4.615288,0.0,0.0,0.1089036576,0.273695328
4.515121349580676e-06,1.935404374718438e-05,0.0,0.0,-8.851482,-4.538001,0.0,0.0,0.10261943999999999,0.27830753280000003
8.49580764199374e-06,5.974121679513074e-06,6.691142,8.566608,-6.88247,-5.577478,0.0,0.08294228928000001,0.1740529728,0.2279589696
1.4292048533000225e-05,1.8226807137537546e-05,6.42114,0.0,0.0,-4.713609,0.0,0.0,0.0,0.3238758432
1.0658379576845245e-05,3.479132724151912e-05,7.428925,0.0,0.0,-3.74393,0.0,0.0,0.0,0.40397693760000003
9.243683769047284e-07,2.2191169586609412e-05,0.0,0.0,-9.278167,-4.358621,0.0,0.0,0.07575493248,0.2776968576
5.573390641747819e-06,3.616600378734044e-05,0.0,0.0,0.0,-3.66362,0.0,0.0,0.0,0.3889173312
1.4162523584990998e-05,4.359313818953683e-06,6.250516,9.442367,0.0,0.0,0.0,0.138522528,0.0,0.0
2.3555260068688223e-06,5.686939941958127e-05,0.0,0.0,0.0,-2.900999,0.0,0.0,0.0,0.5300974368
8.441323360146144e-06,1.5930232201259924e-05,6.876372,9.218052,-8.502518,-4.791793,0.0,0.0802992528,0.1355546016,0.2792535264
1.0735510554568207e-05,2.4075284406078057e-05,6.911078,0.0,0.0,-4.298718,0.0,0.0,0.0,0.3378152736
1.1330537037745318e-05,3.464116284584417e-05,7.32612,0.0,0.0,-3.754304,0.0,0.0,0.0,0.40634369280000004
1.152412873044622e-05,3.293872574694198e-05,7.209657,0.0,0.0,-3.835883,0.0,0.0,0.0,0.3963717504
3.0675755027822964e-05,1.3681758179817648e-05,5.346444,0.0,0.0,-5.644728,0.0,0.0,0.0,0.4019723712
1.0804096678142228e-06,4.3178531566846745e-05,0.0,0.0,0.0,-3.370087,0.0,0.0,0.0,0.41942387519999996
8.524696020352771e-06,2.3335432815277165e-05,7.120561,0.0,0.0,-4.323865,0.0,0.0,0.0,0.3219241536
1.4296740660999164e-06,4.4333661869540875e-05,0.0,0.0,0.0,-3.326284,0.0,0.0,0.0,0.4293366336
5.413864406243983e-06,4.613317847065035e-05,0.0,0.0,0.0,-3.26312,0.0,0.0,0.0,0.45852981119999997
2.2560875074286347e-06,5.352597642843886e-05,0.0,0.0,0.0,-3.006096,0.0,0.0,0.0,0.502980192
8.39663924651395e-06,2.398289665010899e-05,7.162626,0.0,0.0,-4.28567,0.0,0.0,0.0,0.3251139552
7.276678560992481e-06,3.292802012106082e-05,7.826048,0.0,0.0,-3.816065,0.0,0.0,0.0,0.3753772416
2.1476646921525717e-05,5.151975468155873e-06,5.789177,0.0,0.0,0.0,0.0,0.0,0.0,0.0
3.070228656001092e-05,4.651753808652842e-06,5.307329,0.0,0.0,0.0,0.0,0.0,0.0,0.0
1.737003964413722e-05,3.3808540785771727e-06,6.0327,10.03023,0.0,0.0,0.0,0.170042976,0.0,0.0
1.6916699792839767e-05,2.68035944453319e-05,6.412991,0.0,0.0,-4.205585,0.0,0.0,0.0,0.3874399776
4.450718484158195e-06,4.584268679706131e-05,0.0,0.0,0.0,-3.272549,0.0,0.0,0.0,0.4524589152
1.800821469596064e-05,1.5282414995333613e-05,6.093783,0.0,0.0,-5.010306,0.0,0.0,0.0,0.3295629504
4.620545332765235e-05,3.055755965344813e-06,4.68556,0.0,0.0,0.0,0.0,0.0,0.0,0.0
1.0110269667113036e-05,1.4656474671623749e-05,6.693818,9.434361,-8.426008,-4.902785,0.0,0.0966074688,0.1496061792,0.281310192
4.315901673528434e-05,5.756236600660773e-06,4.795673,0.0,0.0,0.0,0.0,0.0,0.0,0.0
3.3170995207750955e-05,7.139793804507593e-06,5.200778,0.0,0.0,-6.814201,0.0,0.0,0.0,0.389300256
2.3752812469479975e-05,1.1185182746525747e-06,5.652466,11.48193,0.0,0.0,0.0,0.2328162048,0.0,0.0
2.478610932930337e-05,5.680790571845759e-06,5.606561,0.0,0.0,0.0,0.0,0.0,0.0,0.0
6.2197449462398096e-06,2.6179216647761852e-05,7.544993,0.0,0.0,-4.151536,0.0,0.0,0.0,0.3274776864
3.157905774146585e-05,8.088447956601532e-06,5.27627,0.0,0.0,-6.495187,0.0,0.0,0.0,0.382217616
2.178023438872583e-06,1.096695111495909e-06,0.0,0.0,0.0,0.0,0.0,0.0,0.0,0.0
7.323823665421521e-06,9.309886653261176e-06,6.834142,8.527765,-7.290478,-5.272893,0.0,0.07107876576,0.1540694304,0.23825620800000002
4.244372717542861e-05,2.7564970222452302e-08,4.817567,0.0,0.0,0.0,0.0,0.0,0.0,0.0
2.8919433129009667e-06,4.162370307995094e-05,0.0,0.0,0.0,-3.431818,0.0,0.0,0.0,0.4153506336
9.07732028739444e-06,5.736330136723287e-06,6.641444,8.64576,-6.878235,-5.611303,0.0,0.088647264,0.1783010016,0.22999792319999998
4.0780658041213595e-06,3.3015830235211914e-05,0.0,0.0,0.0,-3.802716,0.0,0.0,0.0,0.36099051839999996
1.2709221477154253e-05,3.340639355747326e-05,7.084031,0.0,0.0,-3.820595,0.0,0.0,0.0,0.40538862719999996
3.0169248555886138e-05,7.541982428596637e-06,5.340694,0.0,0.0,-6.46561,0.0,0.0,0.0,0.36994233600000004
1.7505968001303506e-05,4.322904265291483e-06,6.027422,10.10301,0.0,0.0,0.0,0.17121922560000002,0.0,0.0
4.5560355337228416e-05,3.91555852522226e-06,4.708409,0.0,0.0,0.0,0.0,0.0,0.0,0.0
2.069559176894877e-05,1.3610097193446566e-05,5.896988,0.0,0.0,-5.230187,0.0,0.0,0.0,0.3371541408
4.329454634478403e-05,6.468799705470572e-06,4.791834,0.0,0.0,0.0,0.0,0.0,0.0,0.0
9.362319532357336e-06,4.2028522823886043e-05,8.172886,0.0,0.0,-3.428524,0.0,0.0,0.0,0.44647130879999997
1.2493040106199072e-06,3.8975486248322835e-05,0.0,0.0,0.0,-3.537813,0.0,0.0,0.0,0.3896312544
3.3415894879451036e-05,1.1956023200367117e-05,5.20818,0.0,0.0,-6.03422,0.0,0.0,0.0,0.41268674879999995
1.1975594945755675e-05,3.990426214536604e-06,6.405459,9.049011,0.0,0.0,0.0,0.11717930879999999,0.0,0.0
1.1841040041873823e-05,2.167941172506289e-05,6.721909,0.0,0.0,-4.453406,0.0,0.0,0.0,0.3297527712
7.537155330826847e-06,2.5522351087101378e-05,7.337493,0.0,0.0,-4.193993,0.0,0.0,0.0,0.3300182784
9.130577730330436e-07,5.077670879568286e-06,0.0,0.0,0.0,0.0,0.0,0.0,0.0,0.0
7.093054343798137e-06,3.9618390493148714e-05,8.432702,0.0,0.0,-3.520148,0.0,0.0,0.0,0.4194212832
8.75153136235678e-06,3.330022091732144e-05,7.618199,0.0,0.0,-3.80451,0.0,0.0,0.0,0.384921936
3.476351963109455e-05,9.05233914684166e-07,5.121498,0.0,0.0,0.0,0.0,0.0,0.0,0.0
1.889938445085616e-06,5.371896105478915e-06,0.0,0.0,0.0,0.0,0.0,0.0,0.0,0.0
9.319167891029768e-06,1.3575535660106665e-05,6.739592,9.162399,-8.131923,-4.970846,0.0,0.0893879712,0.14899714560000002,0.2712340512
7.153111417625644e-06,3.212530448493822e-05,7.788484,0.0,0.0,-3.853694,0.0,0.0,0.0,0.36957003839999997
2.1053125672845394e-05,6.60020119873016e-06,5.820362,0.0,0.0,-5.971325,0.0,0.0,0.0,0.3051260928
1.1986729328701038e-05,1.812628487552992e-05,6.6116,0.0,0.0,-4.685662,0.0,0.0,0.0,0.3105027648
4.386580816995226e-06,2.1586164811336046e-05,0.0,0.0,-9.31579,-4.402388,0.0,0.0,0.09475056,0.290719584
4.4958139513558474e-05,4.484227045819575e-06,4.729924,0.0,0.0,0.0,0.0,0.0,0.0,0.0
1.2731093261668049e-05,2.0284049143438072e-05,6.601471,0.0,0.0,-4.552552,0.0,0.0,0.0,0.3266515296
1.0312990304742331e-05,3.0383353564447976e-05,7.233917,0.0,0.0,-3.954557,0.0,0.0,0.0,0.37406543039999995
7.545434497007073e-06,1.8451625242105343e-05,7.041248,9.309819,-8.934945,-4.614956,0.0,0.07103033856,0.12186417599999999,0.28858515840000004
2.4681605130265947e-05,1.4271790398999768e-05,5.66599,0.0,0.0,-5.310072,0.0,0.0,0.0,0.36545869439999995
1.0609488407619196e-05,2.357955224342984e-05,6.905994,0.0,0.0,-4.326523,0.0,0.0,0.0,0.33422837759999996
9.000167119256862e-06,3.2693060006155115e-05,7.542416,0.0,0.0,-3.834391,0.0,0.0,0.0,0.38221070399999996
2.076728300000633e-05,1.4011065850630372e-05,5.896839,0.0,0.0,-5.196545,0.0,0.0,0.0,0.33963779520000004
1.1502316295226322e-05,6.324300884143164e-07,6.430279,8.917225,0.0,0.0,0.0,0.11275493760000001,0.0,0.0
1.9970542348805138e-05,1.3947789985160311e-05,5.946635,0.0,0.0,-5.177155,0.0,0.0,0.0,0.3344429088
1.652432961024177e-05,2.3149241867801013e-05,6.352173,0.0,0.0,-4.421419,0.0,0.0,0.0,0.36403992
5.519823109078881e-06,5.006062987834909e-05,0.0,0.0,0.0,-3.123927,0.0,0.0,0.0,0.48818272320000006
1.7690457870204647e-05,2.950922235972344e-05,6.421544,0.0,0.0,-4.06203,0.0,0.0,0.0,0.40784964479999997
4.460196266368736e-05,4.3654547002135e-06,4.742323,0.0,0.0,0.0,0.0,0.0,0.0,0.0
1.659522590956776e-05,2.4214676327133057e-05,6.372392,0.0,0.0,-4.356007,0.0,0.0,0.0,0.3705505056
7.1330870071120425e-06,2.6701788132573958e-05,7.451438,0.0,0.0,-4.127879,0.0,0.0,0.0,0.335212992
2.557411872302279e-06,3.8783509035370836e-06,0.0,0.0,0.0,0.0,0.0,0.0,0.0,0.0
1.0295949663978206e-05,4.480649595482458e-06,6.535342,8.793632,0.0,0.0,0.0,0.1006971264,0.0,0.0
7.467401721716619e-06,6.402313371971047e-06,6.781806,8.430813,-6.894347,-5.520241,0.0,0.07285876992000001,0.16658231040000002,0.22446555840000001
1.4599634437036105e-05,5.2284079712750104e-06,6.224855,9.562297,0.0,0.0,0.0,0.1426529664,0.0,0.0
3.616421143623073e-06,2.771470172432995e-05,0.0,0.0,0.0,-4.061601,0.0,0.0,0.0,0.3245083776
8.299924651045084e-06,1.6485983675722253e-05,6.905204,9.24813,-8.600806,-4.752202,0.0,0.07878286368,0.132810192,0.28156161599999996
4.937808677802412e-06,3.7556514835031565e-05,0.0,0.0,0.0,-3.601948,0.0,0.0,0.0,0.3955324608
4.608469452593282e-06,2.7098767302667124e-05,0.0,0.0,0.0,-4.096457,0.0,0.0,0.0,0.3253501728
7.76462058655368e-06,3.911826071875338e-05,8.241898,0.0,0.0,-3.542792,0.0,0.0,0.0,0.41904838079999995
3.2304421630262253e-05,1.222892124798455e-05,5.260597,0.0,0.0,-5.923631,0.0,0.0,0.0,0.4062218688
2.0991623499502715e-05,1.2111415841430446e-05,5.863655,0.0,0.0,-5.379816,0.0,0.0,0.0,0.33142616640000006
3.095002427173073e-05,7.903614403618259e-06,5.304986,0.0,0.0,-6.472232,0.0,0.0,0.0,0.3769923168
2.528841137981932e-05,1.763101524909996e-05,5.664472,0.0,0.0,-5.021396,0.0,0.0,0.0,0.3864526848
2.77807006376981e-06,4.876326280334905e-05,0.0,0.0,0.0,-3.166341,0.0,0.0,0.0,0.46782109439999997
1.0252297054237326e-05,1.115554213516317e-05,6.614645,9.134584,-7.779452,-5.171377,0.0,0.09903833279999999,0.1634059008,0.263640096
1.080923845493213e-05,2.174100306103274e-05,6.822716,0.0,0.0,-4.43867,0.0,0.0,0.0,0.3245725728
1.1931829261037403e-05,1.6517949362765794e-05,6.578678,0.0,0.0,-4.796215,0.0,0.0,0.0,0.3013676064
2.0233266019375796e-05,1.473252773865069e-05,5.938953,0.0,0.0,-5.11695,0.0,0.0,0.0,0.3400761888
1.3174555387433718e-05,1.6363287146801002e-05,6.47253,0.0,0.0,-4.827097,0.0,0.0,0.0,0.3074397984
9.066189532849526e-06,4.547454105410427e-06,6.632835,8.608761,0.0,0.0,0.0,0.0886648896,0.0,0.0
1.4339030057046546e-05,3.6879954440828268e-06,6.235215,9.450352,0.0,0.0,0.0,0.1403396928,0.0,0.0
6.6726279553006435e-06,2.7127455769613608e-05,7.537734,0.0,0.0,-4.103015,0.0,0.0,0.0,0.33556343040000003
1.705870425138596e-05,2.5769071147187615e-05,6.373341,0.0,0.0,-4.268076,0.0,0.0,0.0,0.3821682816
5.1984201417916575e-06,1.7800231457267078e-05,0.0,0.0,-8.590941,-4.639965,0.0,0.0,0.1114019136,0.2728552608
4.882716216062666e-07,3.497010958095428e-05,0.0,0.0,0.0,-3.709723,0.0,0.0,0.0,0.358401024
2.336174681625879e-05,1.4057494078815815e-05,5.740072,0.0,0.0,-5.281167,0.0,0.0,0.0,0.356011632
8.218463152183226e-06,2.8935594866350982e-05,7.430318,0.0,0.0,-4.016427,0.0,0.0,0.0,0.3544769088
1.2074505552160637e-05,1.7661561491077418e-05,6.592806,0.0,0.0,-4.718622,0.0,0.0,0.0,0.3084184512
2.75654399679407e-05,3.23237346832037e-06,5.456287,0.0,0.0,0.0,0.0,0.0,0.0,0.0
6.728838971341012e-06,1.715561527993434e-05,7.082222,8.995749,-8.584356,-4.692814,0.0,0.06371067744,0.1218102624,0.277061904
6.229531812988327e-06,1.6502434281217472e-05,7.112489,8.837882,-8.417442,-4.732292,0.0,0.05914430784,0.12137411520000001,0.2708403264
1.3422334744291378e-05,2.1464927153524555e-05,6.572052,0.0,0.0,-4.485744,0.0,0.0,0.0,0.3371428224
4.51312079306561e-05,2.588914702510803e-06,4.722343,0.0,0.0,0.0,0.0,0.0,0.0,0.0
9.403367472972691e-06,2.0196986747769547e-05,6.91106,0.0,0.0,-4.520656,0.0,0.0,0.0,0.3082437504
4.1164910663973295e-05,6.6594069591978e-07,4.865063,0.0,0.0,0.0,0.0,0.0,0.0,0.0
3.8318979710818055e-05,8.661136721236538e-06,4.986676,0.0,0.0,-7.051509,0.0,0.0,0.0,0.43340762880000006
2.681216865148326e-05,2.1159329673403804e-06,5.492608,0.0,0.0,0.0,0.0,0.0,0.0,0.0
1.2962517490152015e-06,6.246671849745021e-05,0.0,0.0,0.0,-2.736606,0.0,0.0,0.0,0.5734809504
3.148483216718155e-05,1.087478748889314e-05,5.292245,0.0,0.0,-6.058459,0.0,0.0,0.0,0.3942454464
7.69418262571038e-06,3.849106727900177e-05,8.199734,0.0,0.0,-3.569,0.0,0.0,0.0,0.4144378176
9.786251069467158e-06,1.5529592782359115e-05,6.742514,9.462476,-8.569395,-4.835863,0.0,0.0932157504,0.144617184,0.2842710336
5.138297613340559e-07,1.6099222158467017e-05,0.0,0.0,-8.123842,-4.734878,0.0,0.0,0.09363790079999999,0.2401538976
2.0360644992943346e-06,3.036203158924589e-07,0.0,0.0,0.0,0.0,0.0,0.0,0.0,0.0
2.844945479044234e-05,3.311539237245874e-06,5.412649,0.0,0.0,0.0,0.0,0.0,0.0,0.0
3.9788254329327786e-05,7.897789175579892e-06,4.926517,0.0,0.0,-7.41257,0.0,0.0,0.0,0.4412202624
2.0973435361493947e-05,1.2143877695209936e-05,5.865073,0.0,0.0,-5.37604,0.0,0.0,0.0,0.3314756736
4.356038617559041e-06,1.3656583112305087e-05,0.0,0.0,-7.817761,-4.91483,0.0,0.0,0.12161862720000001,0.2456216352
2.4631923729750434e-05,2.0960658400924945e-05,5.743277,0.0,0.0,-4.730227,0.0,0.0,0.0,0.39992434559999995
6.688007821029374e-06,3.053749430148136e-05,7.751308,0.0,0.0,-3.928998,0.0,0.0,0.0,0.35711055360000005
4.3442949291562786e-07,3.0245447084948933e-05,0.0,0.0,0.0,-3.930363,0.0,0.0,0.0,0.3263227776
4.1056192225467865e-05,7.803496615433946e-06,4.877469,0.0,0.0,-7.609584,0.0,0.0,0.0,0.4504788
4.756308078949824e-06,1.810921093469677e-05,0.0,0.0,-8.621209,-4.617607,0.0,0.0,0.1080327456,0.2723786784
1.2938108741796096e-06,3.6438421863476165e-05,0.0,0.0,0.0,-3.645423,0.0,0.0,0.0,0.3719729088
1.6739730480869941e-06,2.665391646082515e-05,0.0,0.0,-10.35269,-4.113366,0.0,0.0,0.06626569824,0.3087532512
1.4240147195364991e-05,1.7128586370161478e-05,6.402636,0.0,0.0,-4.790371,0.0,0.0,0.0,0.317585664
2.671159629032374e-05,9.301649197796093e-06,5.520799,0.0,0.0,-5.963786,0.0,0.0,0.0,0.3545424
8.89001571218624e-06,6.738863130931375e-06,6.6665,8.653514,-7.005109,-5.517071,0.0,0.0866916864,0.17311207680000001,0.2338671744
8.105597133113616e-06,3.2231772285235725e-05,7.646721,0.0,0.0,-3.852449,0.0,0.0,0.0,0.374864112
9.393919069065038e-07,5.1800871191409003e-05,0.0,0.0,0.0,-3.062178,0.0,0.0,0.0,0.484884576
3.963022403896522e-06,2.6105201884728632e-05,0.0,0.0,0.0,-4.147119,0.0,0.0,0.0,0.3160677888
1.612064152924224e-05,2.3177176780391644e-05,6.385944,0.0,0.0,-4.413934,0.0,0.0,0.0,0.36192424319999994
3.130064186975739e-05,8.843587396919784e-07,5.274889,0.0,0.0,0.0,0.0,0.0,0.0,0.0
4.5689890460888486e-05,1.8343944690438641e-06,4.702601,0.0,0.0,0.0,0.0,0.0,0.0,0.0
2.2614500518564204e-05,2.2179940265040706e-05,5.888524,0.0,0.0,-4.593771,0.0,0.0,0.0,0.39421002239999997
4.575641247221881e-05,3.4035822040784295e-06,4.701219,0.0,0.0,0.0,0.0,0.0,0.0,0.0
1.5602396010370262e-05,3.55272159935229e-06,6.14878,9.68254,0.0,0.0,0.0,0.1527201216,0.0,0.0
3.8374607229726e-06,3.829233355478676e-05,0.0,0.0,0.0,-3.568838,0.0,0.0,0.0,0.39577628160000006
1.3612638210230441e-05,2.458620676012429e-05,6.645012,0.0,0.0,-4.297192,0.0,0.0,0.0,0.3562178688
3.910945746206093e-05,7.051178892904949e-06,4.951273,0.0,0.0,-7.54281,0.0,0.0,0.0,0.4325906304
4.3774889104105326e-05,7.399560360618218e-07,4.769478,0.0,0.0,0.0,0.0,0.0,0.0,0.0
2.540872794668433e-05,1.5985788641518776e-05,5.640816,0.0,0.0,-5.173724,0.0,0.0,0.0,0.3787636032
6.621328532594889e-06,2.5103564224196512e-05,7.432372,0.0,0.0,-4.212106,0.0,0.0,0.0,0.32289019199999996
5.492595342225027e-07,1.975656190215032e-05,0.0,0.0,-8.78078,-4.502758,0.0,0.0,0.081610632,0.2614104576
3.759216763356113e-05,1.1587109186382705e-06,5.004217,0.0,0.0,0.0,0.0,0.0,0.0,0.0
4.431303951706495e-05,3.930923001342424e-06,4.752114,0.0,0.0,0.0,0.0,0.0,0.0,0.0
3.4740598994226835e-05,5.691533593332153e-06,5.128374,0.0,0.0,0.0,0.0,0.0,0.0,0.0
1.8875510169392606e-05,2.6379357444285722e-06,5.93646,10.32473,0.0,0.0,0.0,0.1848802752,0.0,0.0
2.997392493828485e-05,1.0868078792042237e-05,5.36457,0.0,0.0,-5.960579,0.0,0.0,0.0,0.3838444416
1.2457604551501514e-05,4.497202877469788e-06,6.372826,9.146125,0.0,0.0,0.0,0.12183264,0.0,0.0
4.814850860167336e-06,4.1261189516687774e-05,0.0,0.0,0.0,-3.448666,0.0,0.0,0.0,0.4208564736
1.996908005921798e-06,5.76836718553209e-05,0.0,0.0,0.0,-2.876111,0.0,0.0,0.0,0.5356064736
3.0730988661493655e-05,5.119984894193543e-06,5.307031,0.0,0.0,0.0,0.0,0.0,0.0,0.0
1.6358075141195256e-05,2.1001352025645627e-05,6.316464,0.0,0.0,-4.558214,0.0,0.0,0.0,0.3509579232
1.2171837865463619e-05,2.2771900015096588e-05,6.724272,0.0,0.0,-4.390027,0.0,0.0,0.0,0.33784188480000005
5.858387102081488e-06,3.954477271339049e-05,0.0,0.0,0.0,-3.520299,0.0,0.0,0.0,0.4133693088
3.34901852936032e-05,1.3302136910998252e-05,5.211548,0.0,0.0,-5.851751,0.0,0.0,0.0,0.4194885024
6.402406088252229e-06,9.838382294020533e-06,6.926201,8.414854,-7.323572,-5.218709,0.0,0.06206512896,0.1469657088,0.2360665728
1.0522966313694559e-05,2.517285953905759e-05,6.975412,0.0,0.0,-4.234059,0.0,0.0,0.0,0.3432220992
1.8355329219664675e-06,3.111426635185938e-05,0.0,0.0,0.0,-3.889141,0.0,0.0,0.0,0.33827328
1.8591460243783767e-05,2.0717823048464494e-05,6.141654,0.0,0.0,-4.616356,0.0,0.0,0.0,0.362257488
1.7075474381108466e-05,4.2918250261789085e-07,6.046202,9.904321,0.0,0.0,0.0,0.1673915328,0.0,0.0
8.872860182850598e-06,2.9364471188150372e-05,7.366645,0.0,0.0,-3.997959,0.0,0.0,0.0,0.360426672
1.0894070015337853e-06,1.2424268459466646e-05,0.0,0.0,-7.55105,-4.989465,0.0,0.0,0.10961455680000001,0.22267301760000002
2.388804265056702e-05,1.9052881171506618e-05,5.763895,0.0,0.0,-4.861106,0.0,0.0,0.0,0.3851318016
9.566074605804774e-06,3.4300532641158566e-06,6.586265,8.65696,0.0,0.0,0.0,0.09365034239999999,0.0,0.0
1.7656144403852078e-05,2.61098278797587e-05,6.3323,0.0,0.0,-4.25552,0.0,0.0,0.0,0.3875172192
4.00678066345791e-05,3.344361780159575e-06,4.908262,0.0,0.0,0.0,0.0,0.0,0.0,0.0
5.3707349082801994e-06,3.666230661144925e-05,0.0,0.0,0.0,-3.641439,0.0,0.0,0.0,0.39136374720000006
2.3135090224415505e-05,7.2105614371400415e-06,5.703619,0.0,0.0,-6.014491,0.0,0.0,0.0,0.3213048384
8.467031614070476e-08,6.835799249722115e-05,0.0,0.0,0.0,-2.578104,0.0,0.0,0.0,0.6223798944000001
1.7698378273978078e-06,5.377884761178172e-05,0.0,0.0,0.0,-2.997773,0.0,0.0,0.0,0.5033610432
1.8431062688859427e-05,1.734430252413252e-05,6.095185,0.0,0.0,-4.858647,0.0,0.0,0.0,0.342981648
2.6201264145310912e-05,6.816806142726452e-06,5.535978,0.0,0.0,-6.266864,0.0,0.0,0.0,0.33964211520000004
1.857339159418931e-05,4.129797302090102e-06,5.959499,10.32663,0.0,0.0,0.0,0.18169176960000002,0.0,0.0
8.620464842723331e-07,3.210629327471227e-05,0.0,0.0,0.0,-3.841182,0.0,0.0,0.0,0.34055614079999996
4.931439096066127e-06,9.723749200662627e-06,0.0,0.0,-7.249349,-5.212315,0.0,0.0,0.1395418752,0.2277816768
6.466784319554058e-06,9.309007610821677e-06,6.910843,8.39966,-7.250176,-5.261669,0.0,0.06276326688,0.1493931168,0.233692128
2.2653467217664112e-05,1.8822033127393756e-05,5.837194,0.0,0.0,-4.8468,0.0,0.0,0.0,0.3762920448
1.1619175718364848e-05,3.1281354740083134e-05,7.115994,0.0,0.0,-3.917682,0.0,0.0,0.0,0.3863588544
2.3206346519151302e-05,2.3162899147187386e-05,5.865326,0.0,0.0,-4.536663,0.0,0.0,0.0,0.4032068544
1.0584520756459148e-05,3.9380556887657433e-05,7.73713,0.0,0.0,-3.541267,0.0,0.0,0.0,0.4340633184
3.205270054546199e-06,1.1117322212595313e-05,0.0,0.0,-7.396734,-5.09302,0.0,0.0,0.1251643104,0.2262195648
3.5070910983881126e-05,7.489054346021025e-06,5.118563,0.0,0.0,-6.943991,0.0,0.0,0.0,0.4045090752
1.1072390279408306e-05,2.3977911645773707e-05,6.872857,0.0,0.0,-4.307405,0.0,0.0,0.0,0.33901934400000006
3.195232887890714e-05,1.33975004762883e-05,5.283466,0.0,0.0,-5.749246,0.0,0.0,0.0,0.40931308800000005
1.7477070777660902e-05,2.1597323664913993e-05,6.24226,0.0,0.0,-4.53684,0.0,0.0,0.0,0.360694512
8.95722393358722e-06,4.417401085620796e-06,6.64069,8.589334,0.0,0.0,0.0,0.0876112416,0.0,0.0
1.8817854157970387e-05,1.4406970923822524e-05,6.027375,0.0,0.0,-5.103915,0.0,0.0,0.0,0.3298364064
3.099363022680413e-05,1.1792336766223272e-05,5.320178,0.0,0.0,-5.900795,0.0,0.0,0.0,0.3951475488
3.8929637374470544e-05,8.812848399176368e-06,4.962631,0.0,0.0,-7.086527,0.0,0.0,0.0,0.4386030336
8.431925621878882e-06,4.189821182826207e-05,8.358815,0.0,0.0,-3.431076,0.0,0.0,0.0,0.44131417920000005
1.5283734305476537e-05,1.4285781885426683e-05,6.272825,0.0,0.0,-5.024979,0.0,0.0,0.0,0.308375424
9.845242529548693e-07,3.509616012294702e-05,0.0,0.0,0.0,-3.704273,0.0,0.0,0.0,0.3613761216
1.3689750930899115e-05,2.0402997726225083e-05,6.521324,0.0,0.0,-4.557668,0.0,0.0,0.0,0.3326085504
4.1076966496190495e-06,5.2820041518744794e-05,0.0,0.0,0.0,-3.030118,0.0,0.0,0.0,0.503956512
1.869145932855342e-05,1.414189515164861e-05,6.032451,0.0,0.0,-5.122769,0.0,0.0,0.0,0.327707424
3.097775778704701e-06,9.111772502338334e-07,0.0,0.0,0.0,0.0,0.0,0.0,0.0,0.0
1.2812161694180457e-05,1.9237452878069314e-05,6.567591,0.0,0.0,-4.62239,0.0,0.0,0.0,0.3212229312
1.0239743288856006e-05,2.1744952297055527e-05,6.879208,0.0,0.0,-4.432835,0.0,0.0,0.0,0.3215694816
6.108532014952e-06,3.918031246509866e-05,0.0,0.0,0.0,-3.535955,0.0,0.0,0.0,0.41195848319999995
1.3372242658594033e-05,3.126930144860904e-05,6.911346,0.0,0.0,-3.930447,0.0,0.0,0.0,0.3953566368
3.363356478393328e-05,6.489089350484017e-06,5.178473,0.0,0.0,-6.992762,0.0,0.0,0.0,0.3898027584
5.795389482037816e-06,1.0431214757548705e-05,6.994118,8.353986,-7.383549,-5.165578,0.0,0.056103261120000004,0.1413872064,0.2359405152
1.7837748828839206e-05,2.0854240851409665e-05,6.19989,0.0,0.0,-4.593205,0.0,0.0,0.0,0.3586320576
4.073543537735225e-06,5.638458586363809e-06,0.0,0.0,-6.69506,-5.541182,0.0,0.0,0.15156365759999998,0.20277959040000001
6.11718044998559e-06,3.235746043292034e-06,6.870656,8.173113,0.0,0.0,0.0,0.05989633344,0.0,0.0
1.4277298565472053e-06,5.0334627934398275e-05,0.0,0.0,0.0,-3.111554,0.0,0.0,0.0,0.475038864
9.3333328236155e-06,3.339458045311516e-05,7.536986,0.0,0.0,-3.802689,0.0,0.0,0.0,0.3883788864
5.846931197697621e-06,5.531823652930354e-06,6.913521,8.182668,-6.726486,-5.571555,0.0,0.057117916799999995,0.1613935584,0.2115362304
1.4056895599804977e-06,2.6099599528920936e-05,0.0,0.0,-10.1986,-4.142398,0.0,0.0,0.06655290912,0.3040246656
1.1591401281829022e-05,4.947110369563064e-06,6.439639,9.016366,0.0,0.0,0.0,0.1133059968,0.0,0.0
1.988567142331822e-05,1.1053491264650129e-05,5.922345,0.0,0.0,-5.440951,0.0,0.0,0.0,0.3193273152
7.239619498669025e-08,3.3736665542418326e-05,0.0,0.0,0.0,-3.765344,0.0,0.0,0.0,0.3481750656
3.3760695874530926e-05,2.5150048896573788e-06,5.165856,0.0,0.0,0.0,0.0,0.0,0.0,0.0
1.7392042156833636e-05,9.235944768729389e-06,6.066085,0.0,0.0,-5.526227,0.0,0.0,0.0,0.2951591616
1.2232795638358707e-05,3.748447592560659e-05,7.360233,0.0,0.0,-3.630199,0.0,0.0,0.0,0.42942951360000003
2.5348088743371844e-06,1.5188604132329103e-05,0.0,0.0,-8.005359,-4.799876,0.0,0.0,0.1067667264,0.2448909504
9.970686948993938e-06,1.9849236534602446e-06,6.54885,8.69372,0.0,0.0,0.0,0.0977003424,0.0,0.0
1.9658344811930745e-05,4.462714374481315e-06,5.89424,10.59915,0.0,0.0,0.0,0.19223032320000003,0.0,0.0
5.880107889828723e-07,5.503157962006629e-05,0.0,0.0,0.0,-2.957665,0.0,0.0,0.0,0.509683536
2.269688477497503e-05,1.0584794237753279e-05,5.749357,0.0,0.0,-5.603266,0.0,0.0,0.0,0.33459289919999996
7.948166636153966e-06,3.041354462206696e-05,7.554633,0.0,0.0,-3.940478,0.0,0.0,0.0,0.3624571584
8.526229549846592e-06,2.0132016498053218e-05,6.997887,0.0,0.0,-4.516727,0.0,0.0,0.0,0.303264864
6.3643996606927955e-06,8.872628132020377e-06,6.912704,8.365585,-7.184091,-5.295609,0.0,0.06182690688,0.15056496,0.23092568640000002
2.66813443620609e-06,5.5689041438439494e-05,0.0,0.0,0.0,-2.937606,0.0,0.0,0.0,0.5215964544
2.7995153709155984e-05,1.1831143868731897e-05,5.468962,0.0,0.0,-5.723643,0.0,0.0,0.0,0.37507795200000005
2.526238548721498e-06,5.178798356658902e-05,0.0,0.0,0.0,-3.063145,0.0,0.0,0.0,0.4902431904
2.334368581709831e-05,4.886250508058412e-06,5.682459,0.0,0.0,0.0,0.0,0.0,0.0,0.0
2.543208578210027e-06,1.229672311745859e-05,0.0,0.0,-7.553829,-5.002863,0.0,0.0,0.1173390624,0.2291655456
4.211457373045385e-05,1.7614286183760577e-06,4.830071,0.0,0.0,0.0,0.0,0.0,0.0,0.0
2.692725791366577e-06,1.692216706221773e-05,0.0,0.0,-8.305003,-4.685184,0.0,0.0,0.1015086816,0.2553805152
1.5808716713498536e-05,1.0900776714802242e-06,6.129139,9.663833,0.0,0.0,0.0,0.1549545984,0.0,0.0
4.775700382232947e-06,1.1246747737786363e-05,0.0,0.0,-7.463159,-5.09391,0.0,0.0,0.1328311008,0.23490829440000002
2.5798262038224492e-05,6.517693591989611e-06,5.555907,0.0,0.0,-6.280541,0.0,0.0,0.0,0.3355878816
1.3733853397076156e-05,2.805717687246454e-05,6.748849,0.0,0.0,-4.101859,0.0,0.0,0.0,0.37754346240000003
1.5945718071452282e-05,2.8942043309261425e-05,6.563423,0.0,0.0,-4.074831,0.0,0.0,0.0,0.394836336
6.639366260997539e-06,2.7241373324277895e-06,6.822818,8.234698,0.0,0.0,0.0,0.06503197536,0.0,0.0
1.908597070538744e-05,1.0558201271454277e-05,5.968272,0.0,0.0,-5.459465,0.0,0.0,0.0,0.311967504
6.8498692399954375e-06,1.419745573466387e-05,6.982192,8.757348,-8.043076,-4.89665,0.0,0.06558439968,0.13295275199999998,0.26142272639999997
2.4524005176711952e-05,1.5202906269531231e-05,5.683653,0.0,0.0,-5.215273,0.0,0.0,0.0,0.3691555776
1.0496922583038412e-05,3.10038574641075e-05,7.242155,0.0,0.0,-3.924571,0.0,0.0,0.0,0.37890011519999994
3.45190642218941e-05,4.840604700391973e-06,5.136235,0.0,0.0,0.0,0.0,0.0,0.0,0.0
1.6660831495676762e-05,3.444002095934137e-06,6.078604,9.887232,0.0,0.0,0.0,0.1630931328,0.0,0.0
2.2055908670420962e-05,6.361805112083038e-06,5.76087,0.0,0.0,-6.057018,0.0,0.0,0.0,0.310403664
2.1001682233627245e-05,1.71731852005406e-05,5.920353,0.0,0.0,-4.935252,0.0,0.0,0.0,0.35747835840000003
8.917529044099813e-06,3.962826631355281e-05,8.056993,0.0,0.0,-3.525004,0.0,0.0,0.0,0.42787517760000005
2.0571661011233254e-05,2.1854198725547663e-05,6.021223,0.0,0.0,-4.575272,0.0,0.0,0.0,0.380188512
1.2702189444888187e-05,2.1278669755171803e-05,6.631084,0.0,0.0,-4.488535,0.0,0.0,0.0,0.3321348192
8.636256925714046e-06,2.0804618083282776e-05,7.010325,0.0,0.0,-4.475975,0.0,0.0,0.0,0.307707552
1.4173066475245033e-05,3.436258346031349e-05,6.952668,0.0,0.0,-3.784361,0.0,0.0,0.0,0.41902427519999996
2.5948431112892814e-05,1.9462595212408804e-05,5.646734,0.0,0.0,-4.885284,0.0,0.0,0.0,0.4001902848
4.0050706731751406e-05,1.238407314804022e-06,4.907525,0.0,0.0,0.0,0.0,0.0,0.0,0.0
5.07275780415665e-06,3.8360689185325615e-06,0.0,0.0,0.0,0.0,0.0,0.0,0.0,0.0
1.4021680016744883e-05,1.1614245535179766e-05,6.327155,0.0,0.0,-5.212791,0.0,0.0,0.0,0.28724293440000004
1.4739029647756696e-05,5.589851406275786e-06,6.217384,9.607651,0.0,0.0,0.0,0.1439462016,0.0,0.0
7.2918567841878e-06,1.323776172599359e-05,6.915959,8.76165,-7.907731,-4.970405,0.0,0.07003288512,0.1388930112,0.2585906208
3.167219809603803e-06,3.799793973802791e-05,0.0,0.0,0.0,-3.580336,0.0,0.0,0.0,0.3908259936
3.752547281584163e-05,5.452600091441844e-06,5.011535,0.0,0.0,0.0,0.0,0.0,0.0,0.0
5.553892795077425e-06,9.825205240877931e-06,7.004734,8.29074,-7.286213,-5.210384,0.0,0.05384293344,0.1424526912,0.2315431008
2.848024277931188e-06,3.973825039140654e-05,0.0,0.0,0.0,-3.507614,0.0,0.0,0.0,0.40169874240000003
2.854297598391919e-05,1.787591386272572e-05,5.486903,0.0,0.0,-5.108801,0.0,0.0,0.0,0.408610656
1.6364111305980272e-05,2.6202195128405147e-05,6.44429,0.0,0.0,-4.233939,0.0,0.0,0.0,0.38082510719999996
5.216761318083914e-06,2.043113947673119e-05,0.0,0.0,-9.131582,-4.475383,0.0,0.0,0.10276329599999999,0.2880609696
3.675407226852723e-05,8.633050456586771e-06,5.050667,0.0,0.0,-6.887324,0.0,0.0,0.0,0.42173040959999997
2.692239239377249e-06,4.840932299290906e-05,0.0,0.0,0.0,-3.17869,0.0,0.0,0.0,0.46480426560000004
1.8230042244399134e-05,2.405045904644387e-05,6.237168,0.0,0.0,-4.389688,0.0,0.0,0.0,0.3788889696
1.4605322644845159e-05,1.9525406361093382e-05,6.424181,0.0,0.0,-4.629477,0.0,0.0,0.0,0.3328118496
2.8176238393567703e-05,4.143595798653667e-06,5.427702,0.0,0.0,0.0,0.0,0.0,0.0,0.0
4.638202623775547e-05,4.5976757166085276e-06,4.680805,0.0,0.0,0.0,0.0,0.0,0.0,0.0
6.38915253223698e-06,1.2130004938120194e-05,6.975029,8.537626,-7.670798,-5.042552,0.0,0.06157181952,0.1380997728,0.24795106560000002
1.1902685818798257e-05,3.720197050377265e-05,7.391323,0.0,0.0,-3.641075,0.0,0.0,0.0,0.4259304864
1.035062106089757e-07,6.382695864918696e-05,0.0,0.0,0.0,-2.698704,0.0,0.0,0.0,0.5824255968
1.5060872332226175e-05,2.766486171340428e-05,6.605992,0.0,0.0,-4.136194,0.0,0.0,0.0,0.382337712
5.478531702946198e-06,9.182083055746482e-07,6.917349,8.070303,0.0,0.0,0.0,0.05370230016,0.0,0.0
1.533356418308768e-06,5.5892495733316084e-05,0.0,0.0,0.0,-2.930889,0.0,0.0,0.0,0.5195937888
1.2083659557309121e-05,1.0955722439707723e-05,6.464983,9.474689,-7.918363,-5.223381,0.0,0.11677150080000001,0.1748893248,0.2728276992
1.0996126942911298e-05,3.7713336481718596e-05,7.558271,0.0,0.0,-3.614437,0.0,0.0,0.0,0.4248686304
3.622098625652382e-05,3.360829987552606e-06,5.061998,0.0,0.0,0.0,0.0,0.0,0.0,0.0
3.833019044792914e-06,2.6651125366040526e-05,0.0,0.0,0.0,-4.117734,0.0,0.0,0.0,0.3188489184
6.759071735725695e-06,4.720496889506724e-05,0.0,0.0,0.0,-3.226183,0.0,0.0,0.0,0.47197296
2.1564465795625956e-05,1.4486765297057413e-05,5.852445,0.0,0.0,-5.179755,0.0,0.0,0.0,0.34697721600000003
4.260210134894968e-05,1.4374442522826826e-07,4.811776,0.0,0.0,0.0,0.0,0.0,0.0,0.0
1.6511665892620888e-05,3.7349510447882943e-06,6.089355,9.868772,0.0,0.0,0.0,0.1615919328,0.0,0.0
2.1591523757455287e-05,6.847896079083487e-06,5.790077,0.0,0.0,-5.971093,0.0,0.0,0.0,0.3097062432
3.1907302556957215e-05,9.893666129959066e-06,5.268074,0.0,0.0,-6.232917,0.0,0.0,0.0,0.3926663136
2.1704434350533914e-05,2.297022267916601e-06,5.768176,10.98059,0.0,0.0,0.0,0.2126287584,0.0,0.0
1.828718319093541e-05,1.0753001834338862e-05,6.021472,0.0,0.0,-5.412683,0.0,0.0,0.0,0.3080768256
2.8481834720975707e-05,1.2513490846739336e-05,5.448391,0.0,0.0,-5.668521,0.0,0.0,0.0,0.38160020159999997
2.381559255503857e-05,1.2585321870438116e-06,5.64916,11.50317,0.0,0.0,0.0,0.23342117760000003,0.0,0.0
6.376480694799589e-06,3.2023176006128124e-05,7.908719,0.0,0.0,-3.855775,0.0,0.0,0.0,0.3651939648
7.471396260242403e-08,4.404403412868909e-05,0.0,0.0,0.0,-3.336922,0.0,0.0,0.0,0.42202226880000004
1.4807176911107845e-06,2.67293956942073e-05,0.0,0.0,-10.36374,-4.109182,0.0,0.0,0.06514599743999999,0.3083403456
3.8314311635294704e-05,9.748458764232136e-06,4.989997,0.0,0.0,-6.818458,0.0,0.0,0.0,0.43803694079999994
3.0428343400589866e-05,7.312270814800726e-07,5.31529,0.0,0.0,0.0,0.0,0.0,0.0,0.0
4.549368611958752e-06,1.484696650695021e-06,0.0,0.0,0.0,0.0,0.0,0.0,0.0,0.0
2.2937512022553673e-05,7.288369985390279e-06,5.715132,0.0,0.0,-5.993334,0.0,0.0,0.0,0.3203930592
2.03242336038741e-06,7.093671343751566e-06,0.0,0.0,-6.840302,-5.403846,0.0,0.0,0.1350804384,0.19960922879999998
5.401187413985532e-06,3.444620527551171e-05,0.0,0.0,0.0,-3.740034,0.0,0.0,0.0,0.376574832
5.97213098736501e-06,4.5327049750092705e-05,0.0,0.0,0.0,-3.293755,0.0,0.0,0.0,0.45496667519999995
2.14822715910584e-05,5.058308501438128e-06,5.788495,0.0,0.0,0.0,0.0,0.0,0.0,0.0
4.205462334078361e-06,1.0083984397911105e-05,0.0,0.0,-7.276955,-5.178193,0.0,0.0,0.13432176,0.22590316800000002
1.7156609095983334e-06,2.5088085552959097e-05,0.0,0.0,-9.959641,-4.197162,0.0,0.0,0.07090262208,0.2991421152
1.4022414036061951e-05,5.003924618317103e-06,6.263752,9.44354,0.0,0.0,0.0,0.13705295039999998,0.0,0.0
1.3153771922500208e-05,6.7394286706042075e-06,6.337712,9.371147,-7.286965,-5.625048,0.0,0.1282519008,0.1978509024,0.2579147136
1.2928620503674974e-05,2.2482052626444207e-07,6.32634,9.147281,0.0,0.0,0.0,0.126741888,0.0,0.0
1.3275087891892503e-06,5.3054820053376086e-05,0.0,0.0,0.0,-3.021063,0.0,0.0,0.0,0.49612970879999996
2.1754335123967167e-05,1.3414424981372692e-05,5.829692,0.0,0.0,-5.284024,0.0,0.0,0.0,0.3427055136
2.7620074306249203e-05,1.7839729985813557e-05,5.536126,0.0,0.0,-5.079776,0.0,0.0,0.0,0.4024370304
2.591875269329618e-05,4.3431185818057294e-06,5.542656,0.0,0.0,0.0,0.0,0.0,0.0,0.0
3.6823379358572286e-06,3.456923472039474e-05,0.0,0.0,0.0,-3.730797,0.0,0.0,0.0,0.3695868864
3.917651889011813e-05,3.2530619263186016e-07,4.941162,0.0,0.0,0.0,0.0,0.0,0.0,0.0
6.389382088637509e-06,4.0960335069846734e-05,0.0,0.0,0.0,-3.463688,0.0,0.0,0.0,0.42560233919999996
3.870768574923967e-06,1.8281850392178994e-05,0.0,0.0,-8.602706,-4.602304,0.0,0.0,0.102866112,0.2689382304
2.2185021952324275e-05,2.1161306177970248e-05,5.900823,0.0,0.0,-4.657949,0.0,0.0,0.0,0.38603856960000005
1.461720810344877e-05,2.3532738955044962e-05,6.523256,0.0,0.0,-4.372077,0.0,0.0,0.0,0.3555896544
4.959184253681694e-05,2.3178458158629702e-06,4.572988,0.0,0.0,0.0,0.0,0.0,0.0,0.0
2.309962808058469e-06,1.9906305715661708e-05,0.0,0.0,-8.847897,-4.496232,0.0,0.0,0.089649504,0.2706961248
9.017789172107442e-06,3.328795517769277e-05,7.577194,0.0,0.0,-3.806269,0.0,0.0,0.0,0.38614224960000004
1.8692682217525026e-05,2.369096481274369e-05,6.193648,0.0,0.0,-4.419711,0.0,0.0,0.0,0.379500336
2.333730992789231e-05,1.5993467248508132e-05,5.761223,0.0,0.0,-5.103063,0.0,0.0,0.0,0.36572376959999997
3.1805281642045813e-06,3.423482269851148e-05,0.0,0.0,0.0,-3.745111,0.0,0.0,0.0,0.3650895072
3.654720243414253e-05,5.309527865884122e-06,5.051381,0.0,0.0,0.0,0.0,0.0,0.0,0.0
3.319992829917174e-05,1.108114303219535e-05,5.213943,0.0,0.0,-6.14789,0.0,0.0,0.0,0.4071403872
1.3245817026140734e-05,1.987158747042689e-05,6.54607,0.0,0.0,-4.586388,0.0,0.0,0.0,0.327165696
4.0524605092949745e-06,1.7009285024060044e-05,0.0,0.0,-8.375636,-4.685048,0.0,0.0,0.10813106880000001,0.2626182432
2.0563738930891267e-05,1.4301163425610109e-05,5.912895,0.0,0.0,-5.164458,0.0,0.0,0.0,0.3398746176
3.552490763633634e-05,3.967712841663707e-07,5.089116,0.0,0.0,0.0,0.0,0.0,0.0,0.0
2.256382088529703e-05,6.267195190446935e-06,5.731457,0.0,0.0,-6.099346,0.0,0.0,0.0,0.3132300672
3.405437716569535e-05,4.7971188961557526e-06,5.156297,0.0,0.0,0.0,0.0,0.0,0.0,0.0
9.452295994166589e-06,4.0835322316527646e-05,8.053601,0.0,0.0,-3.476953,0.0,0.0,0.0,0.43864044480000003
1.5936126739583113e-07,5.5369409584710574e-05,0.0,0.0,0.0,-2.947025,0.0,0.0,0.0,0.5111532864
8.657538937591364e-06,3.149550769844247e-05,7.518635,0.0,0.0,-3.890539,0.0,0.0,0.0,0.3728391552
2.689966431399055e-05,1.7904679503613723e-05,5.576279,0.0,0.0,-5.049465,0.0,0.0,0.0,0.39813240959999996
1.5224900786312317e-05,5.338525680074618e-06,6.18261,9.689016,0.0,0.0,0.0,0.1487388096,0.0,0.0
9.021289859216635e-06,2.9512672946609093e-05,7.355092,0.0,0.0,-3.991218,0.0,0.0,0.0,0.36209816640000003
5.350895941661408e-06,2.9727144671372116e-05,0.0,0.0,0.0,-3.964412,0.0,0.0,0.0,0.3455174016
1.4679222364812427e-05,1.801804034655867e-05,6.385876,0.0,0.0,-4.734739,0.0,0.0,0.0,0.3249176544
3.243321383880771e-06,3.5065607191484514e-05,0.0,0.0,0.0,-3.707815,0.0,0.0,0.0,0.3709878624
1.3916675146369972e-05,2.9882819326501497e-05,6.797308,0.0,0.0,-4.006023,0.0,0.0,0.0,0.3896456832
3.593342920711965e-05,1.1297538326177025e-05,5.094433,0.0,0.0,-6.31997,0.0,0.0,0.0,0.4275289728
3.8338407896898023e-07,5.131954562551518e-05,0.0,0.0,0.0,-3.078142,0.0,0.0,0.0,0.479222784
4.1482660767269e-05,9.318657324433178e-07,4.853224,0.0,0.0,0.0,0.0,0.0,0.0,0.0
2.0544652254749088e-05,1.5660482208851244e-05,5.930271,0.0,0.0,-5.047182,0.0,0.0,0.0,0.346778064
1.1789610044301999e-05,2.206053729299843e-05,6.738417,0.0,0.0,-4.429316,0.0,0.0,0.0,0.3316691232
3.443239193860984e-05,1.1877545450130834e-05,5.162247,0.0,0.0,-6.11598,0.0,0.0,0.0,0.41947398719999995
8.843359740158562e-06,3.631844591775721e-05,7.812025,0.0,0.0,-3.667004,0.0,0.0,0.0,0.40520208960000004
5.374397682679586e-05,8.091382877377152e-07,4.444107,0.0,0.0,0.0,0.0,0.0,0.0,0.0
3.3365842338557734e-05,7.80183067405312e-06,5.194071,0.0,0.0,-6.708501,0.0,0.0,0.0,0.39358871999999995
5.493300326426593e-06,3.453386823537482e-05,0.0,0.0,0.0,-3.736292,0.0,0.0,0.0,0.3775842432
1.570063283669027e-05,2.9955589968923934e-05,6.619955,0.0,0.0,-4.017949,0.0,0.0,0.0,0.3996504576
1.40167717429885e-05,1.657710561447845e-07,6.249832,9.332913,0.0,0.0,0.0,0.1374096096,0.0,0.0
1.054173501511964e-05,2.2239817552722842e-05,6.865786,0.0,0.0,-4.405669,0.0,0.0,0.0,0.326038608
5.594293996191694e-05,3.593238436107116e-07,4.379719,0.0,0.0,0.0,0.0,0.0,0.0,0.0
1.2022871582885027e-05,1.9530903781164126e-05,6.644306,0.0,0.0,-4.592514,0.0,0.0,0.0,0.3185348544
1.308036723161114e-05,9.849397251343645e-06,6.374514,9.580062,-7.817219,-5.339938,0.0,0.1267446528,0.1850940288,0.2728739232
2.0789996912112733e-05,5.016207059848854e-06,5.828784,0.0,0.0,0.0,0.0,0.0,0.0,0.0
2.3831019663740623e-05,1.92794401326014e-05,5.770238,0.0,0.0,-4.841392,0.0,0.0,0.0,0.3859799904
1.825489835843852e-09,6.814386524888178e-05,0.0,0.0,0.0,-2.583625,0.0,0.0,0.0,0.6203601216
1.9665653601299838e-05,2.315248662321733e-05,6.109966,0.0,0.0,-4.470799,0.0,0.0,0.0,0.38210184
3.741205676745218e-05,4.1380793991315905e-06,5.014078,0.0,0.0,0.0,0.0,0.0,0.0,0.0
2.2142264693049982e-05,2.2387504827809666e-05,5.923144,0.0,0.0,-4.569306,0.0,0.0,0.0,0.3925082016
2.226170316901711e-05,8.992917233024e-06,5.763536,0.0,0.0,-5.756861,0.0,0.0,0.0,0.3241377216
9.958552117163378e-06,3.928000118885434e-05,7.837985,0.0,0.0,-3.543156,0.0,0.0,0.0,0.4304008224
3.941012536678378e-05,2.1124592194490144e-06,4.93271,0.0,0.0,0.0,0.0,0.0,0.0,0.0
3.566359609925511e-05,1.1818261227976705e-05,5.108152,0.0,0.0,-6.214741,0.0,0.0,0.0,0.42795250560000003
2.949628866531695e-05,1.3201490967644882e-05,5.40162,0.0,0.0,-5.640243,0.0,0.0,0.0,0.3917049408
3.843118343489475e-05,9.651375930324667e-06,4.984983,0.0,0.0,-6.850393,0.0,0.0,0.0,0.43848233280000004
8.058919728347963e-06,4.1465037019348555e-05,8.399696,0.0,0.0,-3.447404,0.0,0.0,0.0,0.43660382400000003
6.549940017867015e-06,2.1545383195571006e-05,7.269751,0.0,0.0,-4.415891,0.0,0.0,0.0,0.3012888096
1.9060579339070084e-06,1.799321418892307e-06,0.0,0.0,0.0,0.0,0.0,0.0,0.0,0.0
5.5392022288894205e-06,1.659008431535514e-05,7.188189,8.718849,-8.384891,-4.721397,0.0,0.052575972480000004,0.1173729312,0.2677856544
1.4844948271836978e-06,4.4110228389126956e-05,0.0,0.0,0.0,-3.334736,0.0,0.0,0.0,0.427889088
1.9261127120458346e-05,1.250499971896915e-05,5.976256,0.0,0.0,-5.283401,0.0,0.0,0.0,0.3227824512
1.9616335311640446e-05,2.015649662469546e-05,6.058503,0.0,0.0,-4.676055,0.0,0.0,0.0,0.36519422399999996
2.4934623889609593e-05,4.415827279221154e-06,5.594658,0.0,0.0,0.0,0.0,0.0,0.0,0.0
3.013472820369207e-05,8.628769289567867e-06,5.346479,0.0,0.0,-6.2918,0.0,0.0,0.0,0.37461234239999996
2.0394212933099526e-05,2.0783531128195167e-05,6.015129,0.0,0.0,-4.647126,0.0,0.0,0.0,0.37323901439999996
1.697577215638417e-05,2.261738970519725e-05,6.303531,0.0,0.0,-4.462021,0.0,0.0,0.0,0.3635743968
2.4948009342864454e-08,2.7316311266245957e-05,0.0,0.0,-10.48622,-4.077789,0.0,0.0,0.056862025919999996,0.30547082880000004
1.7176047200084705e-05,2.5947528447346572e-05,6.368124,0.0,0.0,-4.258972,0.0,0.0,0.0,0.38386854719999997
2.479527114592478e-06,4.258334284754357e-05,0.0,0.0,0.0,-3.393846,0.0,0.0,0.0,0.4206117024
2.6143315584867494e-05,1.1688254500238465e-05,5.565149,0.0,0.0,-5.644881,0.0,0.0,0.0,0.36216642239999997
3.762763668719277e-06,4.2018376010116045e-05,0.0,0.0,0.0,-3.417194,0.0,0.0,0.0,0.4218029856
1.4028135253989684e-06,2.2854242718308765e-05,0.0,0.0,-9.432232,-4.321077,0.0,0.0,0.07601272416,0.2839582656
4.6775985953521414e-05,4.851995080252033e-06,4.667665,0.0,0.0,0.0,0.0,0.0,0.0,0.0
5.7637997179402645e-06,3.7854957520115274e-05,0.0,0.0,0.0,-3.590973,0.0,0.0,0.0,0.4012825536
2.41685199144847e-05,3.0779292624750436e-07,5.629577,11.58462,0.0,0.0,0.0,0.2369272896,0.0,0.0
1.412892941907953e-05,1.443709178925858e-05,6.361817,0.0,0.0,-4.988472,0.0,0.0,0.0,0.3025392768
5.751224525124199e-07,1.3078931885273523e-05,0.0,0.0,-7.644868,-4.941936,0.0,0.0,0.10468586880000001,0.2237138784
2.3489913135769843e-05,1.1271313211414513e-05,5.708903,0.0,0.0,-5.565744,0.0,0.0,0.0,0.3429899424
4.75485400532064e-06,1.1898979024674959e-05,0.0,0.0,-7.559879,-5.044997,0.0,0.0,0.1302448896,0.2382435072
1.49664961388869e-07,6.670424561894908e-05,0.0,0.0,0.0,-2.621199,0.0,0.0,0.0,0.6077532384
4.35635636959995e-06,1.0342176285063045e-05,0.0,0.0,-7.317965,-5.159444,0.0,0.0,0.1341081792,0.22801962239999998
4.234895307579417e-05,6.549916131686981e-06,4.8266,0.0,0.0,0.0,0.0,0.0,0.0,0.0
1.1285033977459946e-05,2.6570729683052047e-05,6.948568,0.0,0.0,-4.162219,0.0,0.0,0.0,0.3556039968
2.776193680912104e-05,1.4847642587045777e-05,5.50239,0.0,0.0,-5.377022,0.0,0.0,0.0,0.38825766720000005
1.4771728324777685e-05,9.935234633540045e-06,6.252256,9.953887,-8.03173,-5.377468,0.0,0.1430803008,0.1950701184,0.2830853664
6.444517738163222e-06,4.035808938017107e-06,6.84766,8.229485,0.0,0.0,0.0,0.06305915232,0.0,0.0
2.6014317223993024e-05,3.0361098317898983e-06,5.534874,0.0,0.0,0.0,0.0,0.0,0.0,0.0
2.254543011352978e-05,2.3458034371319262e-05,5.913913,0.0,0.0,-4.503059,0.0,0.0,0.0,0.40086143999999996
4.5849946107910644e-05,5.231221911126761e-06,4.699736,0.0,0.0,0.0,0.0,0.0,0.0,0.0
1.0897931068802504e-05,3.1789677749628714e-05,7.231146,0.0,0.0,-3.888077,0.0,0.0,0.0,0.385896096
6.84520885451739e-06,3.0360995316282447e-05,7.715057,0.0,0.0,-3.938333,0.0,0.0,0.0,0.3567428352
5.13679153831111e-06,2.2385392610602615e-05,0.0,0.0,0.0,-4.358845,0.0,0.0,0.0,0.2991685536
2.4575196401477907e-05,1.815173186870219e-05,5.711873,0.0,0.0,-4.954874,0.0,0.0,0.0,0.38467293119999996
2.7929563322087402e-05,3.323472714296494e-07,5.435426,0.0,0.0,0.0,0.0,0.0,0.0,0.0
2.4272120779780458e-05,9.840933528244113e-06,5.655009,0.0,0.0,-5.761408,0.0,0.0,0.0,0.3410973504
2.3858866562930368e-05,1.2290662606930923e-05,5.695837,0.0,0.0,-5.475268,0.0,0.0,0.0,0.35034984
1.2910788763446002e-06,2.084915718746484e-05,0.0,0.0,-9.006941,-4.437673,0.0,0.0,0.08167333248,0.2713833504
5.664135158227146e-07,2.8064160776469738e-05,0.0,0.0,-10.69333,-4.039408,0.0,0.0,0.057299235840000004,0.3127029408
1.754189267566923e-05,2.318717744234802e-05,6.271681,0.0,0.0,-4.434086,0.0,0.0,0.0,0.37003495680000004
4.050176699687182e-05,7.6093606659977255e-06,4.898247,0.0,0.0,-7.585672,0.0,0.0,0.0,0.44545032
2.010637426838666e-05,3.7682649677941307e-06,5.864993,10.66223,0.0,0.0,0.0,0.19675224,0.0,0.0
1.70583389104966e-05,1.543123297343092e-06,6.04835,9.913479,0.0,0.0,0.0,0.16717838399999999,0.0,0.0
2.1283962742998613e-05,8.787639372383309e-06,5.819512,0.0,0.0,-5.732727,0.0,0.0,0.0,0.3169647936
3.5902189321863977e-06,8.822850989430444e-06,0.0,0.0,-7.088545,-5.272615,0.0,0.0,0.1360809504,0.21625565759999998
1.8447008153450803e-05,1.0707664023492571e-05,6.010662,0.0,0.0,-5.422465,0.0,0.0,0.0,0.30881951999999996
1.5660222773396904e-06,1.148812919583804e-05,0.0,0.0,-7.420217,-5.058857,0.0,0.0,0.1154788704,0.22000282559999998
1.2115671467795738e-05,2.4140502913767935e-05,6.774029,0.0,0.0,-4.307826,0.0,0.0,0.0,0.3455288064
4.557481182550857e-05,1.632689703555218e-06,4.706495,0.0,0.0,0.0,0.0,0.0,0.0,0.0
1.507673690659367e-05,1.5769764652727547e-05,6.31261,0.0,0.0,-4.906026,0.0,0.0,0.0,0.315035568
1.318704758441482e-05,2.3950540055975288e-05,6.665174,0.0,0.0,-4.330208,0.0,0.0,0.0,0.3501888768
1.2643940435223369e-05,8.955535526588728e-06,6.39673,9.420401,-7.61263,-5.407143,0.0,0.12276947519999999,0.18596208960000002,0.2658946176
5.304993745890452e-07,3.144045228619082e-05,0.0,0.0,0.0,-3.872649,0.0,0.0,0.0,0.3346608096
2.210355403823111e-06,5.610582327739527e-05,0.0,0.0,0.0,-2.924469,0.0,0.0,0.0,0.523461312
6.468981242916108e-06,3.0506451727219242e-05,7.783466,0.0,0.0,-3.929694,0.0,0.0,0.0,0.3558562848
5.460669677285874e-06,2.5301096612812196e-05,0.0,0.0,0.0,-4.195868,0.0,0.0,0.0,0.3183601536
5.559417389469035e-06,3.362917751540767e-05,0.0,0.0,0.0,-3.777858,0.0,0.0,0.0,0.3718790784
2.2995453270246592e-05,4.501136963725922e-06,5.700578,0.0,0.0,0.0,0.0,0.0,0.0,0.0
1.131250705015579e-05,1.3612110788717548e-06,6.445366,8.892372,0.0,0.0,0.0,0.11087530559999999,0.0,0.0
1.7584818561459923e-05,2.6500547852924295e-05,6.348231,0.0,0.0,-4.231504,0.0,0.0,0.0,0.38940022080000003
2.610306718967431e-05,1.529932277083111e-05,5.595666,0.0,0.0,-5.264619,0.0,0.0,0.0,0.3797371584
9.24050612794181e-06,1.602319818964793e-05,6.804291,9.399152,-8.608954,-4.794488,0.0,0.0878581728,0.1397481984,0.284025744
4.747910892851908e-05,4.472321621771086e-06,4.643632,0.0,0.0,0.0,0.0,0.0,0.0,0.0
7.144778522463036e-06,3.858673969492142e-05,8.321549,0.0,0.0,-3.563401,0.0,0.0,0.0,0.4125657888
2.6445586747524003e-05,1.342408692956634e-05,5.561457,0.0,0.0,-5.469076,0.0,0.0,0.0,0.3726147744
1.3078407261985372e-05,1.8913251860603926e-05,6.536921,0.0,0.0,-4.647867,0.0,0.0,0.0,0.32088890880000004
2.3440321105957686e-05,6.37963732826139e-06,5.682753,0.0,0.0,-6.139424,0.0,0.0,0.0,0.3194267616
3.2180304526250943e-05,1.407234713542247e-06,5.235104,0.0,0.0,0.0,0.0,0.0,0.0,0.0
5.837265110393988e-06,4.3884785885060115e-05,0.0,0.0,0.0,-3.347917,0.0,0.0,0.0,0.44396812799999996
3.032049750299698e-05,5.285653319140338e-07,5.320285,0.0,0.0,0.0,0.0,0.0,0.0,0.0
2.0439134118538692e-05,2.1384086727837867e-05,6.022255,0.0,0.0,-4.605499,0.0,0.0,0.0,0.3768066432
1.601741178618126e-05,2.137289435806553e-06,6.117087,9.721032,0.0,0.0,0.0,0.15693557760000001,0.0,0.0
1.911375505848507e-05,6.766075397401044e-06,5.938424,0.0,0.0,-5.853716,0.0,0.0,0.0,0.2937554208
2.02940949112699e-06,3.383074881821799e-05,0.0,0.0,0.0,-3.762052,0.0,0.0,0.0,0.3572688384
6.261761843559489e-06,1.1467880841912153e-05,6.972168,8.478703,-7.560716,-5.090997,0.0,0.06045570432,0.13991754239999998,0.2437947072
1.0231231939230021e-05,1.7195277023257073e-07,6.525916,8.720643,0.0,0.0,0.0,0.10029908159999999,0.0,0.0
3.5416272386553425e-05,7.8771278875441e-06,5.104863,0.0,0.0,-6.90134,0.0,0.0,0.0,0.408694464
1.815062597045743e-05,1.2202518110752083e-05,6.045464,0.0,0.0,-5.275476,0.0,0.0,0.0,0.314537472
9.91525050706343e-06,1.4421704778424143e-05,6.705676,9.367247,-8.356474,-4.917094,0.0,0.0948255552,0.149328144,0.278989056
8.338824152632257e-06,2.6856550163509363e-05,7.304177,0.0,0.0,-4.126174,0.0,0.0,0.0,0.3422002464
9.892682824132263e-06,1.5104885277287327e-05,6.723048,9.437188,-8.49319,-4.867473,0.0,0.0943778304,0.1467422784,0.2825455392
1.8308237189413338e-05,2.594057043195332e-05,6.274918,0.0,0.0,-4.274324,0.0,0.0,0.0,0.39022266240000003
5.855876849878374e-06,1.3990295894641823e-05,7.074315,8.572998,-7.945126,-4.902304,0.0,0.05611119264,0.1283310432,0.25512494399999996
4.953784007104652e-06,4.2290169565686345e-05,0.0,0.0,0.0,-3.408173,0.0,0.0,0.0,0.42877408320000004
3.0330615898031583e-05,1.0011732667468292e-05,5.3431,0.0,0.0,-6.102383,0.0,0.0,0.0,0.382300992
1.3032006392334246e-05,8.029751032562623e-06,6.358196,9.4289,-7.489265,-5.500747,0.0,0.12677446080000002,0.1919404512,0.26352587520000004
8.161801730496909e-06,3.104184747533409e-05,7.562451,0.0,0.0,-3.910425,0.0,0.0,0.0,0.36750542399999997
9.501949851904283e-06,3.787503593220423e-05,7.813663,0.0,0.0,-3.60137,0.0,0.0,0.0,0.4187512512
4.264327681778828e-05,5.3766423443489985e-06,4.813965,0.0,0.0,0.0,0.0,0.0,0.0,0.0
3.703983584807309e-05,3.519202491719015e-06,5.028452,0.0,0.0,0.0,0.0,0.0,0.0,0.0
1.094119724257281e-07,8.654883118289426e-06,0.0,0.0,-7.026226,-5.273344,0.0,0.0,0.1192726944,0.1980416736
2.2653275317137012e-06,2.9265987682945106e-06,0.0,0.0,0.0,0.0,0.0,0.0,0.0,0.0
7.114890002099332e-06,3.7775084564253105e-05,8.252241,0.0,0.0,-3.597831,0.0,0.0,0.0,0.40689190080000004
4.819544553861629e-06,1.8955546320094043e-05,0.0,0.0,-8.792156,-4.564375,0.0,0.0,0.1055248128,0.27753477120000003
2.1793148265510155e-06,3.351458384187971e-05,0.0,0.0,0.0,-3.776682,0.0,0.0,0.0,0.355796064
3.9743156431171804e-05,8.233994027007425e-06,4.92907,0.0,0.0,-7.321697,0.0,0.0,0.0,0.44227710719999996
3.49156981089122e-05,7.521711340093581e-06,5.125329,0.0,0.0,-6.920578,0.0,0.0,0.0,0.4035230784
9.027928244613939e-06,3.694347426570044e-05,7.826519,0.0,0.0,-3.64013,0.0,0.0,0.0,0.41025087359999995
8.764356289833058e-06,2.072479289037947e-05,6.994138,0.0,0.0,-4.481989,0.0,0.0,0.0,0.30791620799999997
1.5684423037472024e-05,2.049021308833698e-05,6.358671,0.0,0.0,-4.581569,0.0,0.0,0.0,0.3442752288
2.1667581173751144e-05,2.2074467764961563e-05,5.949862,0.0,0.0,-4.581657,0.0,0.0,0.0,0.38793427199999997
2.5431810636221187e-06,2.0603850217654055e-05,0.0,0.0,-8.996463,-4.454673,0.0,0.0,0.08856043200000001,0.2759232384
6.09530664638056e-06,2.1834340030434095e-05,7.33642,0.0,0.0,-4.396051,0.0,0.0,0.0,0.3006919584
1.1568831355823128e-05,3.810335249365877e-05,7.494869,0.0,0.0,-3.600001,0.0,0.0,0.0,0.43026024960000003
3.3431608581485756e-05,7.015312007773192e-06,5.188821,0.0,0.0,-6.865203,0.0,0.0,0.0,0.39062511359999996
5.158902615897793e-05,2.170214964639267e-06,4.509939,0.0,0.0,0.0,0.0,0.0,0.0,0.0
1.6081343271768585e-05,3.166946889144661e-05,6.641243,0.0,0.0,-3.931972,0.0,0.0,0.0,0.412217856
1.0408398824403043e-06,3.513358366055234e-05,0.0,0.0,0.0,-3.702634,0.0,0.0,0.0,0.3618736992
1.1867041270749444e-05,8.632060667836331e-06,6.451849,9.250529,-7.488548,-5.416335,0.0,0.11531056320000001,0.1826295552,0.259859664
1.5421088120100925e-05,2.421287452751576e-05,6.47171,0.0,0.0,-4.340734,0.0,0.0,0.0,0.3639771072
6.296201284859859e-08,2.539630678388059e-05,0.0,0.0,-9.998442,-4.179345,0.0,0.0,0.062329625279999995,0.29346408
1.5572490034028803e-05,8.20566599849302e-06,6.179416,9.96454,-7.785116,-5.562489,0.0,0.1514101248,0.20674604159999999,0.2792289888
1.3794054332303487e-05,1.6644184976633506e-05,6.428412,0.0,0.0,-4.817445,0.0,0.0,0.0,0.3124412352
2.279754400445402e-05,7.732497650471926e-06,5.725365,0.0,0.0,-5.931259,0.0,0.0,0.0,0.3215765664
1.4592020614550169e-05,2.294784696003441e-05,6.509564,0.0,0.0,-4.40775,0.0,0.0,0.0,0.3520801728
2.032660734349751e-05,8.388072362369752e-06,5.874249,0.0,0.0,-5.731965,0.0,0.0,0.0,0.3090413952
1.889738167219365e-05,2.0749409357543103e-05,6.120062,0.0,0.0,-4.619928,0.0,0.0,0.0,0.3642202368
6.661324792349478e-06,2.5722264409171694e-05,7.460257,0.0,0.0,-4.178381,0.0,0.0,0.0,0.32685966720000004
