2,"[0.16206896551724137, 4.926240759999999e-05, 0.9993716925438282]"
12,"[0.4724137931034482, 4.926240759999999e-05, 0.9994821979091513]"
3,"[0.19310344827586207, 4.926240759999999e-05, 0.999383878875837]"
6,"[0.28620689655172415, 4.926240759999999e-05, 0.9994188621454272]"
7,"[0.3172413793103448, 4.926240759999999e-05, 0.9994300154322214]"
1,"[0.1310344827586207, 4.926240759999999e-05, 0.9993592346207684]"
0,"[0.1, 4.926240759999999e-05, 0.9993464995708634]"
4,"[0.22413793103448276, 4.926240759999999e-05, 0.9993957990493727]"
10,"[0.41034482758620694, 4.926240759999999e-05, 0.9994620224060481]"
11,"[0.4413793103448276, 4.926240759999999e-05, 0.9994722232644282]"
5,"[0.25517241379310346, 4.926240759999999e-05, 0.9994074583954945]"
15,"[0.5655172413793104, 4.926240759999999e-05, 0.9995108099058435]"
14,"[0.5344827586206896, 4.926240759999999e-05, 0.9995014867818895]"
8,"[0.34827586206896555, 4.926240759999999e-05, 0.9994409232923971]"
17,"[0.6275862068965516, 4.926240759999999e-05, 0.9995288351358684]"
19,"[0.689655172413793, 4.926240759999999e-05, 0.9995460601941483]"
13,"[0.503448275862069, 4.926240759999999e-05, 0.9994919509180532]"
9,"[0.3793103448275862, 4.926240759999999e-05, 0.9994515906675688]"
26,"[0.9068965517241379, 4.926240759999999e-05, 0.9996005020290815]"
16,"[0.596551724137931, 4.926240759999999e-05, 0.9995199246110104]"
27,"[0.9379310344827586, 4.926240759999999e-05, 0.9996075867016756]"
23,"[0.8137931034482758, 4.926240759999999e-05, 0.9995782378042612]"
29,"[1.0, 4.926240759999999e-05, 0.9996212715729408]"
24,"[0.8448275862068965, 4.926240759999999e-05, 0.9995858311036386]"
22,"[0.7827586206896552, 4.926240759999999e-05, 0.9995704677998155]"
20,"[0.7206896551724138, 4.926240759999999e-05, 0.9995543828043711]"
25,"[0.8758620689655172, 4.926240759999999e-05, 0.9995932513259904]"
28,"[0.9689655172413792, 4.926240759999999e-05, 0.9996145087647909]"
18,"[0.6586206896551724, 4.926240759999999e-05, 0.9995375456377257]"
21,"[0.7517241379310344, 4.926240759999999e-05, 0.9995625173906865]"
34,"[0.22413793103448276, 0.0011517211156137931, 0.9940527295866174]"
33,"[0.19310344827586207, 0.0011517211156137931, 0.9940520704748583]"
32,"[0.16206896551724137, 0.0011517211156137931, 0.9939981382327129]"
30,"[0.1, 0.0011517211156137931, 0.9937165489114219]"
37,"[0.3172413793103448, 0.0011517211156137931, 0.9937534099709125]"
31,"[0.1310344827586207, 0.0011517211156137931, 0.9938877221713744]"
35,"[0.25517241379310346, 0.0011517211156137931, 0.9940023734296962]"
36,"[0.28620689655172415, 0.0011517211156137931, 0.9939023972192582]"
38,"[0.34827586206896555, 0.0011517211156137931, 0.993555303779241]"
44,"[0.5344827586206896, 0.0011517211156137931, 0.9912604689290239]"
40,"[0.41034482758620694, 0.0011517211156137931, 0.9930081488576169]"
39,"[0.3793103448275862, 0.0011517211156137931, 0.9933073237881268]"
42,"[0.4724137931034482, 0.0011517211156137931, 0.9922487670943109]"
41,"[0.4413793103448276, 0.0011517211156137931, 0.9926559961257304]"
43,"[0.503448275862069, 0.0011517211156137931, 0.9917842586107799]"
45,"[0.5655172413793104, 0.0011517211156137931, 0.9906760359708857]"
46,"[0.596551724137931, 0.0011517211156137931, 0.9900308497040408]"
49,"[0.689655172413793, 0.0011517211156137931, 0.9877674558089624]"
53,"[0.8137931034482758, 0.0011517211156137931, 0.9845366951023037]"
47,"[0.6275862068965516, 0.0011517211156137931, 0.9893268786903072]"
58,"[0.9689655172413792, 0.0011517211156137931, 0.983163567760091]"
57,"[0.9379310344827586, 0.0011517211156137931, 0.9830121866762561]"
50,"[0.7206896551724138, 0.0011517211156137931, 0.9869369104090834]"
48,"[0.6586206896551724, 0.0011517211156137931, 0.9885692345542391]"
55,"[0.8758620689655172, 0.0011517211156137931, 0.9833972951639269]"
59,"[1.0, 0.0011517211156137931, 0.9835413320386597]"
54,"[0.8448275862068965, 0.0011517211156137931, 0.9838916480363472]"
51,"[0.7517241379310344, 0.0011517211156137931, 0.9861000851381964]"
52,"[0.7827586206896552, 0.0011517211156137931, 0.9852873587975345]"
56,"[0.9068965517241379, 0.0011517211156137931, 0.9830943030216008]"
60,"[0.1, 0.0022541798236275865, 0.9906811903155786]"
62,"[0.16206896551724137, 0.0022541798236275865, 0.9888791424606933]"
61,"[0.1310344827586207, 0.0022541798236275865, 0.9899301074642257]"
64,"[0.22413793103448276, 0.0022541798236275865, 0.985667327538528]"
63,"[0.19310344827586207, 0.0022541798236275865, 0.9874817193873044]"
65,"[0.25517241379310346, 0.0022541798236275865, 0.983335535967836]"
66,"[0.28620689655172415, 0.0022541798236275865, 0.9803484168612747]"
68,"[0.34827586206896555, 0.0022541798236275865, 0.9716290866523737]"
67,"[0.3172413793103448, 0.0022541798236275865, 0.9765230132245145]"
69,"[0.3793103448275862, 0.0022541798236275865, 0.9654058668516962]"
72,"[0.4724137931034482, 0.0022541798236275865, 0.9378694813860083]"
70,"[0.41034482758620694, 0.0022541798236275865, 0.9576284786619301]"
71,"[0.4413793103448276, 0.0022541798236275865, 0.9482783801585192]"
75,"[0.5655172413793104, 0.0022541798236275865, 0.918286168834743]"
74,"[0.5344827586206896, 0.0022541798236275865, 0.920562791856124]"
73,"[0.503448275862069, 0.0022541798236275865, 0.9278425298639832]"
76,"[0.596551724137931, 0.0022541798236275865, 0.921550020893046]"
78,"[0.6586206896551724, 0.0022541798236275865, 0.9376701848883614]"
77,"[0.6275862068965516, 0.0022541798236275865, 0.9287942066202577]"
81,"[0.7517241379310344, 0.0022541798236275865, 0.9604242413302588]"
79,"[0.689655172413793, 0.0022541798236275865, 0.9463835243413715]"
80,"[0.7206896551724138, 0.0022541798236275865, 0.9540476899492089]"
87,"[0.9379310344827586, 0.0022541798236275865, 0.9800963954156335]"
82,"[0.7827586206896552, 0.0022541798236275865, 0.9655944838159568]"
88,"[0.9689655172413792, 0.0022541798236275865, 0.9818369743777347]"
86,"[0.9068965517241379, 0.0022541798236275865, 0.9781347284589321]"
85,"[0.8758620689655172, 0.0022541798236275865, 0.9758485307339937]"
84,"[0.8448275862068965, 0.0022541798236275865, 0.9731075203821455]"
83,"[0.8137931034482758, 0.0022541798236275865, 0.9697524354321535]"
94,"[0.22413793103448276, 0.0033566385316413797, 0.9617779657325777]"
92,"[0.16206896551724137, 0.0033566385316413797, 0.9791963685833365]"
89,"[1.0, 0.0022541798236275865, 0.9834340755764412]"
91,"[0.1310344827586207, 0.0033566385316413797, 0.9840006954164434]"
90,"[0.1, 0.0033566385316413797, 0.9873235567658094]"
96,"[0.28620689655172415, 0.0033566385316413797, 0.9221085828401026]"
93,"[0.19310344827586207, 0.0033566385316413797, 0.9721888712103063]"
95,"[0.25517241379310346, 0.0033566385316413797, 0.9460236202861378]"
97,"[0.3172413793103448, 0.0033566385316413797, 0.8874041983782979]"
103,"[0.503448275862069, 0.0033566385316413797, 0.8947576201341745]"
98,"[0.34827586206896555, 0.0033566385316413797, 0.8448025744437753]"
100,"[0.41034482758620694, 0.0033566385316413797, 0.8859576032753029]"
101,"[0.4413793103448276, 0.0033566385316413797, 0.8850567891320703]"
105,"[0.5655172413793104, 0.0033566385316413797, 0.9260080323261414]"
99,"[0.3793103448275862, 0.0033566385316413797, 0.8409627855041297]"
104,"[0.5344827586206896, 0.0033566385316413797, 0.9132557029224037]"
120,"[0.1, 0.004459097239655173, 0.9830061770290792]"
102,"[0.4724137931034482, 0.0033566385316413797, 0.8689721230773625]"
122,"[0.16206896551724137, 0.004459097239655173, 0.9591101411523508]"
106,"[0.596551724137931, 0.0033566385316413797, 0.9347597989838409]"
124,"[0.22413793103448276, 0.004459097239655173, 0.882654448568446]"
107,"[0.6275862068965516, 0.0033566385316413797, 0.9409015935647724]"
123,"[0.19310344827586207, 0.004459097239655173, 0.932102333930575]"
108,"[0.6586206896551724, 0.0033566385316413797, 0.9455168001351469]"
109,"[0.689655172413793, 0.0033566385316413797, 0.9494851038798601]"
121,"[0.1310344827586207, 0.004459097239655173, 0.9741985055604379]"
110,"[0.7206896551724138, 0.0033566385316413797, 0.9534888705585595]"
112,"[0.7827586206896552, 0.0033566385316413797, 0.9627575683482221]"
127,"[0.3172413793103448, 0.004459097239655173, 0.8521067453261774]"
126,"[0.28620689655172415, 0.004459097239655173, 0.8023991784861512]"
111,"[0.7517241379310344, 0.0033566385316413797, 0.9579136437684919]"
113,"[0.8137931034482758, 0.0033566385316413797, 0.9677023724883933]"
117,"[0.9379310344827586, 0.0033566385316413797, 0.9823966362495459]"
129,"[0.3793103448275862, 0.004459097239655173, 0.8314709557099894]"
125,"[0.25517241379310346, 0.004459097239655173, 0.8003170065983353]"
116,"[0.9068965517241379, 0.0033566385316413797, 0.9797205442338268]"
115,"[0.8758620689655172, 0.0033566385316413797, 0.9763812148799286]"
128,"[0.34827586206896555, 0.004459097239655173, 0.8292358569150601]"
150,"[0.1, 0.005561555947668966, 0.9771426667149277]"
134,"[0.5344827586206896, 0.004459097239655173, 0.9096181444570237]"
131,"[0.4413793103448276, 0.004459097239655173, 0.8835470489907796]"
114,"[0.8448275862068965, 0.0033566385316413797, 0.9723402097508005]"
152,"[0.16206896551724137, 0.005561555947668966, 0.9144650262972376]"
119,"[1.0, 0.0033566385316413797, 0.9862358552931909]"
130,"[0.41034482758620694, 0.004459097239655173, 0.8647414222451076]"
118,"[0.9689655172413792, 0.0033566385316413797, 0.9845227397486748]"
132,"[0.4724137931034482, 0.004459097239655173, 0.8943055971992498]"
153,"[0.19310344827586207, 0.005561555947668966, 0.8209283960002928]"
151,"[0.1310344827586207, 0.005561555947668966, 0.95729263362033]"
136,"[0.596551724137931, 0.004459097239655173, 0.9169440639113888]"
137,"[0.6275862068965516, 0.004459097239655173, 0.9288803225977487]"
180,"[0.1, 0.006664014655682759, 0.9683076247552362]"
154,"[0.22413793103448276, 0.005561555947668966, 0.7634217796631]"
156,"[0.28620689655172415, 0.005561555947668966, 0.781953037484903]"
135,"[0.5655172413793104, 0.004459097239655173, 0.9075511954673503]"
133,"[0.503448275862069, 0.004459097239655173, 0.9193093610772937]"
139,"[0.689655172413793, 0.004459097239655173, 0.9503494179117645]"
158,"[0.34827586206896555, 0.005561555947668966, 0.8422879457809502]"
210,"[0.1, 0.007766473363696552, 0.9531070092994174]"
162,"[0.4724137931034482, 0.005561555947668966, 0.8601892935038156]"
155,"[0.25517241379310346, 0.005561555947668966, 0.8226187352049836]"
157,"[0.3172413793103448, 0.005561555947668966, 0.8119352377073815]"
182,"[0.16206896551724137, 0.006664014655682759, 0.8124814884836324]"
181,"[0.1310344827586207, 0.006664014655682759, 0.9258289548245563]"
183,"[0.19310344827586207, 0.006664014655682759, 0.7815545850654678]"
185,"[0.25517241379310346, 0.006664014655682759, 0.7730509836699438]"
141,"[0.7517241379310344, 0.004459097239655173, 0.962693231044949]"
184,"[0.22413793103448276, 0.006664014655682759, 0.797578368875903]"
138,"[0.6586206896551724, 0.004459097239655173, 0.9406413584423342]"
159,"[0.3793103448275862, 0.005561555947668966, 0.8930058911493808]"
161,"[0.4413793103448276, 0.005561555947668966, 0.8797651678946059]"
211,"[0.1310344827586207, 0.007766473363696552, 0.8617594158645097]"
160,"[0.41034482758620694, 0.005561555947668966, 0.9159148931196512]"
163,"[0.503448275862069, 0.005561555947668966, 0.8790988957128845]"
186,"[0.28620689655172415, 0.006664014655682759, 0.8172760526043199]"
142,"[0.7827586206896552, 0.004459097239655173, 0.9664213850311765]"
213,"[0.19310344827586207, 0.007766473363696552, 0.7931390753271791]"
145,"[0.8758620689655172, 0.004459097239655173, 0.9755747885242433]"
164,"[0.5344827586206896, 0.005561555947668966, 0.9003777493202361]"
140,"[0.7206896551724138, 0.004459097239655173, 0.9575659193614899]"
146,"[0.9068965517241379, 0.004459097239655173, 0.9788432459401201]"
144,"[0.8448275862068965, 0.004459097239655173, 0.9724243016358334]"
188,"[0.34827586206896555, 0.006664014655682759, 0.9038171679135331]"
168,"[0.6586206896551724, 0.005561555947668966, 0.9373807659089052]"
240,"[0.1, 0.008868932071710346, 0.9247837293800819]"
215,"[0.25517241379310346, 0.007766473363696552, 0.8510082636447266]"
212,"[0.16206896551724137, 0.007766473363696552, 0.7672824636892834]"
241,"[0.1310344827586207, 0.008868932071710346, 0.7361198023942717]"
170,"[0.7206896551724138, 0.005561555947668966, 0.9482029637104039]"
143,"[0.8137931034482758, 0.004459097239655173, 0.9694690583409962]"
214,"[0.22413793103448276, 0.007766473363696552, 0.7783800013691786]"
187,"[0.3172413793103448, 0.006664014655682759, 0.8933282592741025]"
165,"[0.5655172413793104, 0.005561555947668966, 0.9169762899738967]"
216,"[0.28620689655172415, 0.007766473363696552, 0.9081350030883527]"
217,"[0.3172413793103448, 0.007766473363696552, 0.8464258530535166]"
147,"[0.9379310344827586, 0.004459097239655173, 0.981950093506386]"
166,"[0.596551724137931, 0.005561555947668966, 0.9275137837733152]"
191,"[0.4413793103448276, 0.006664014655682759, 0.8581121775462467]"
169,"[0.689655172413793, 0.005561555947668966, 0.9417865482119382]"
190,"[0.41034482758620694, 0.006664014655682759, 0.8287552421499582]"
171,"[0.7517241379310344, 0.005561555947668966, 0.9559139600560592]"
148,"[0.9689655172413792, 0.004459097239655173, 0.9846595715544738]"
189,"[0.3793103448275862, 0.006664014655682759, 0.8243134441918488]"
193,"[0.503448275862069, 0.006664014655682759, 0.8938974268402519]"
149,"[1.0, 0.004459097239655173, 0.9868942921168634]"
192,"[0.4724137931034482, 0.006664014655682759, 0.881738142730932]"
167,"[0.6275862068965516, 0.005561555947668966, 0.9334981714720618]"
175,"[0.8758620689655172, 0.005561555947668966, 0.9769685641624318]"
173,"[0.8137931034482758, 0.005561555947668966, 0.9690183201309576]"
172,"[0.7827586206896552, 0.005561555947668966, 0.9631824203019677]"
174,"[0.8448275862068965, 0.005561555947668966, 0.9734448277449504]"
176,"[0.9068965517241379, 0.005561555947668966, 0.9801108056025881]"
194,"[0.5344827586206896, 0.006664014655682759, 0.8974035272372153]"
195,"[0.5655172413793104, 0.006664014655682759, 0.8986248996480212]"
177,"[0.9379310344827586, 0.005561555947668966, 0.9831153090601902]"
218,"[0.34827586206896555, 0.007766473363696552, 0.8003960521704894]"
244,"[0.22413793103448276, 0.008868932071710346, 0.858829579788718]"
242,"[0.16206896551724137, 0.008868932071710346, 0.8083663504381262]"
219,"[0.3793103448275862, 0.007766473363696552, 0.8336360216414492]"
197,"[0.6275862068965516, 0.006664014655682759, 0.9180728997985355]"
178,"[0.9689655172413792, 0.005561555947668966, 0.9859007335508546]"
196,"[0.596551724137931, 0.006664014655682759, 0.9050483473155976]"
198,"[0.6586206896551724, 0.006664014655682759, 0.9319910449952399]"
220,"[0.41034482758620694, 0.007766473363696552, 0.8588150436317789]"
243,"[0.19310344827586207, 0.008868932071710346, 0.7678685807868894]"
179,"[1.0, 0.005561555947668966, 0.9882762170176714]"
271,"[0.1310344827586207, 0.00997139077972414, 0.7854173957526357]"
247,"[0.3172413793103448, 0.008868932071710346, 0.8031696848675789]"
199,"[0.689655172413793, 0.006664014655682759, 0.9426035725369184]"
270,"[0.1, 0.00997139077972414, 0.8716714034431482]"
245,"[0.25517241379310346, 0.008868932071710346, 0.9094117466753654]"
200,"[0.7206896551724138, 0.006664014655682759, 0.949885266415486]"
246,"[0.28620689655172415, 0.008868932071710346, 0.7989166047244002]"
222,"[0.4724137931034482, 0.007766473363696552, 0.8610828734222497]"
201,"[0.7517241379310344, 0.006664014655682759, 0.9557311825674921]"
223,"[0.503448275862069, 0.007766473363696552, 0.8597840876456824]"
221,"[0.4413793103448276, 0.007766473363696552, 0.8659286332257978]"
224,"[0.5344827586206896, 0.007766473363696552, 0.8743054702735478]"
203,"[0.8137931034482758, 0.006664014655682759, 0.9684007105657293]"
202,"[0.7827586206896552, 0.006664014655682759, 0.9618654832406138]"
273,"[0.19310344827586207, 0.00997139077972414, 0.8312682974951063]"
272,"[0.16206896551724137, 0.00997139077972414, 0.7453856084122541]"
274,"[0.22413793103448276, 0.00997139077972414, 0.9153073907182508]"
301,"[0.1310344827586207, 0.011073849487737932, 0.7955410969972653]"
248,"[0.34827586206896555, 0.008868932071710346, 0.8370127422550696]"
249,"[0.3793103448275862, 0.008868932071710346, 0.8476991577015466]"
205,"[0.8758620689655172, 0.006664014655682759, 0.9787151203323294]"
225,"[0.5655172413793104, 0.007766473363696552, 0.8950350139093525]"
226,"[0.596551724137931, 0.007766473363696552, 0.9099837144768079]"
250,"[0.41034482758620694, 0.008868932071710346, 0.8365836081917325]"
300,"[0.1, 0.011073849487737932, 0.7791123233830719]"
277,"[0.3172413793103448, 0.00997139077972414, 0.8363947018224483]"
204,"[0.8448275862068965, 0.006664014655682759, 0.9742503198359753]"
227,"[0.6275862068965516, 0.007766473363696552, 0.9185835785138557]"
275,"[0.25517241379310346, 0.00997139077972414, 0.7975161687814959]"
206,"[0.9068965517241379, 0.006664014655682759, 0.9819384627288669]"
228,"[0.6586206896551724, 0.007766473363696552, 0.9261525568327926]"
304,"[0.22413793103448276, 0.011073849487737932, 0.8398200957131569]"
331,"[0.1310344827586207, 0.012176308195751724, 0.7419501399414643]"
276,"[0.28620689655172415, 0.00997139077972414, 0.8039370802351518]"
207,"[0.9379310344827586, 0.006664014655682759, 0.9844509487523593]"
303,"[0.19310344827586207, 0.011073849487737932, 0.9093239827247942]"
302,"[0.16206896551724137, 0.011073849487737932, 0.7834973400960923]"
208,"[0.9689655172413792, 0.006664014655682759, 0.9867068181519943]"
251,"[0.4413793103448276, 0.008868932071710346, 0.8272445568046786]"
229,"[0.689655172413793, 0.007766473363696552, 0.9369238658841528]"
330,"[0.1, 0.012176308195751724, 0.7208349599587686]"
253,"[0.503448275862069, 0.008868932071710346, 0.8676756616370314]"
252,"[0.4724137931034482, 0.008868932071710346, 0.8436269836175353]"
254,"[0.5344827586206896, 0.008868932071710346, 0.8806519054741344]"
230,"[0.7206896551724138, 0.007766473363696552, 0.9489161364439656]"
232,"[0.7827586206896552, 0.007766473363696552, 0.9645425714757714]"
231,"[0.7517241379310344, 0.007766473363696552, 0.9583275269064055]"
209,"[1.0, 0.006664014655682759, 0.9888340201348024]"
278,"[0.34827586206896555, 0.00997139077972414, 0.8351782995239388]"
361,"[0.1310344827586207, 0.013278766903765518, 0.7594718135836738]"
280,"[0.41034482758620694, 0.00997139077972414, 0.8137418173335106]"
305,"[0.25517241379310346, 0.011073849487737932, 0.7960682215318035]"
279,"[0.3793103448275862, 0.00997139077972414, 0.8127432724397046]"
307,"[0.3172413793103448, 0.011073849487737932, 0.8287804772620305]"
306,"[0.28620689655172415, 0.011073849487737932, 0.8339748499459434]"
333,"[0.19310344827586207, 0.012176308195751724, 0.8968883754705462]"
334,"[0.22413793103448276, 0.012176308195751724, 0.7770975528575387]"
233,"[0.8137931034482758, 0.007766473363696552, 0.9690862497712507]"
332,"[0.16206896551724137, 0.012176308195751724, 0.854623292455992]"
257,"[0.6275862068965516, 0.008868932071710346, 0.9160660740308981]"
360,"[0.1, 0.013278766903765518, 0.7747671079491402]"
255,"[0.5655172413793104, 0.008868932071710346, 0.8863357691561552]"
256,"[0.596551724137931, 0.008868932071710346, 0.8975558187564772]"
284,"[0.5344827586206896, 0.00997139077972414, 0.8664305797507531]"
234,"[0.8448275862068965, 0.007766473363696552, 0.9735121122945024]"
337,"[0.3172413793103448, 0.012176308195751724, 0.7958425505101749]"
391,"[0.1310344827586207, 0.014381225611779312, 0.8027297963193136]"
283,"[0.503448275862069, 0.00997139077972414, 0.854523607537849]"
335,"[0.25517241379310346, 0.012176308195751724, 0.8262364792255111]"
362,"[0.16206896551724137, 0.013278766903765518, 0.9074121824248068]"
310,"[0.41034482758620694, 0.011073849487737932, 0.8334897617699183]"
363,"[0.19310344827586207, 0.013278766903765518, 0.7743630121249049]"
282,"[0.4724137931034482, 0.00997139077972414, 0.8531702718386155]"
281,"[0.4413793103448276, 0.00997139077972414, 0.8394936460808237]"
309,"[0.3793103448275862, 0.011073849487737932, 0.810489417448681]"
258,"[0.6586206896551724, 0.008868932071710346, 0.9316020741667369]"
336,"[0.28620689655172415, 0.012176308195751724, 0.8278333492719072]"
236,"[0.9068965517241379, 0.007766473363696552, 0.9819943776593976]"
237,"[0.9379310344827586, 0.007766473363696552, 0.9850113737506794]"
364,"[0.22413793103448276, 0.013278766903765518, 0.8062036216273166]"
308,"[0.34827586206896555, 0.011073849487737932, 0.8010163259995919]"
235,"[0.8758620689655172, 0.007766473363696552, 0.978049465192568]"
390,"[0.1, 0.014381225611779312, 0.7833314885674852]"
421,"[0.1310344827586207, 0.015483684319793104, 0.8733782291077505]"
287,"[0.6275862068965516, 0.00997139077972414, 0.9153951000630824]"
262,"[0.7827586206896552, 0.008868932071710346, 0.9625001881887065]"
259,"[0.689655172413793, 0.008868932071710346, 0.9406794872483756]"
338,"[0.34827586206896555, 0.012176308195751724, 0.8074224252451253]"
365,"[0.25517241379310346, 0.013278766903765518, 0.8279085072669876]"
261,"[0.7517241379310344, 0.008868932071710346, 0.9542641344995062]"
392,"[0.16206896551724137, 0.014381225611779312, 0.8961269595827797]"
420,"[0.1, 0.015483684319793104, 0.7524294170779698]"
312,"[0.4724137931034482, 0.011073849487737932, 0.835998317499884]"
394,"[0.22413793103448276, 0.014381225611779312, 0.8223888926750496]"
286,"[0.596551724137931, 0.00997139077972414, 0.9078170670869068]"
366,"[0.28620689655172415, 0.013278766903765518, 0.7936666040505784]"
260,"[0.7206896551724138, 0.008868932071710346, 0.9468759338176987]"
339,"[0.3793103448275862, 0.012176308195751724, 0.8277432400914099]"
285,"[0.5655172413793104, 0.00997139077972414, 0.8906682452669846]"
451,"[0.1310344827586207, 0.016586143027806897, 0.9065710121922312]"
311,"[0.4413793103448276, 0.011073849487737932, 0.8342741578379652]"
239,"[1.0, 0.007766473363696552, 0.9894557793138633]"
238,"[0.9689655172413792, 0.007766473363696552, 0.9873725148482959]"
393,"[0.19310344827586207, 0.014381225611779312, 0.7707449442409531]"
313,"[0.503448275862069, 0.011073849487737932, 0.8612724191163311]"
367,"[0.3172413793103448, 0.013278766903765518, 0.7996150649779563]"
314,"[0.5344827586206896, 0.011073849487737932, 0.8820110559453904]"
288,"[0.6586206896551724, 0.00997139077972414, 0.9229377898763568]"
340,"[0.41034482758620694, 0.012176308195751724, 0.8210363430642429]"
450,"[0.1, 0.016586143027806897, 0.7181706856067305]"
422,"[0.16206896551724137, 0.015483684319793104, 0.8086624445362725]"
263,"[0.8137931034482758, 0.008868932071710346, 0.9691268800852624]"
423,"[0.19310344827586207, 0.015483684319793104, 0.7979045144460012]"
395,"[0.25517241379310346, 0.014381225611779312, 0.7985504631100553]"
264,"[0.8448275862068965, 0.008868932071710346, 0.9738586755172206]"
424,"[0.22413793103448276, 0.015483684319793104, 0.811761305004156]"
368,"[0.34827586206896555, 0.013278766903765518, 0.8235984059822706]"
396,"[0.28620689655172415, 0.014381225611779312, 0.784483698683353]"
397,"[0.3172413793103448, 0.014381225611779312, 0.8176446612420024]"
344,"[0.5344827586206896, 0.012176308195751724, 0.8668108058841808]"
341,"[0.4413793103448276, 0.012176308195751724, 0.8299007634949263]"
369,"[0.3793103448275862, 0.013278766903765518, 0.8145206308861415]"
266,"[0.9068965517241379, 0.008868932071710346, 0.9820160901636344]"
265,"[0.8758620689655172, 0.008868932071710346, 0.9779443381320676]"
370,"[0.41034482758620694, 0.013278766903765518, 0.8278324762285708]"
481,"[0.1310344827586207, 0.01768860173582069, 0.8965236057985899]"
480,"[0.1, 0.01768860173582069, 0.7563075086261531]"
511,"[0.1310344827586207, 0.018791060443834485, 0.8343402195960352]"
290,"[0.7206896551724138, 0.00997139077972414, 0.9466677304151777]"
291,"[0.7517241379310344, 0.00997139077972414, 0.9540516390919032]"
425,"[0.25517241379310346, 0.015483684319793104, 0.7702966882350412]"
453,"[0.19310344827586207, 0.016586143027806897, 0.8134192490281154]"
315,"[0.5655172413793104, 0.011073849487737932, 0.8877835099377825]"
289,"[0.689655172413793, 0.00997139077972414, 0.9353325606674769]"
316,"[0.596551724137931, 0.011073849487737932, 0.8946897211743353]"
452,"[0.16206896551724137, 0.016586143027806897, 0.7511121048286346]"
342,"[0.4724137931034482, 0.012176308195751724, 0.8577190686625777]"
318,"[0.6586206896551724, 0.011073849487737932, 0.9243219322488297]"
541,"[0.1310344827586207, 0.01989351915184828, 0.735441384298024]"
343,"[0.503448275862069, 0.012176308195751724, 0.866494332925349]"
317,"[0.6275862068965516, 0.011073849487737932, 0.9110411448281868]"
426,"[0.28620689655172415, 0.015483684319793104, 0.8046129374337541]"
292,"[0.7827586206896552, 0.00997139077972414, 0.9604294899220682]"
267,"[0.9379310344827586, 0.008868932071710346, 0.9855624982507944]"
427,"[0.3172413793103448, 0.015483684319793104, 0.8072308600378642]"
482,"[0.16206896551724137, 0.01768860173582069, 0.7719056388577451]"
293,"[0.8137931034482758, 0.00997139077972414, 0.9678038973383988]"
571,"[0.1310344827586207, 0.02099597785986207, 0.745636972766537]"
400,"[0.41034482758620694, 0.014381225611779312, 0.8492221762571558]"
484,"[0.22413793103448276, 0.01768860173582069, 0.7587438607558653]"
631,"[0.1310344827586207, 0.023200895275889657, 0.7859763189851059]"
540,"[0.1, 0.01989351915184828, 0.8565487448278604]"
371,"[0.4413793103448276, 0.013278766903765518, 0.8530017401836737]"
347,"[0.6275862068965516, 0.012176308195751724, 0.9047121577310753]"
399,"[0.3793103448275862, 0.014381225611779312, 0.8236664051679294]"
510,"[0.1, 0.018791060443834485, 0.7976515937419999]"
600,"[0.1, 0.022098436567875863, 0.9071672105424535]"
294,"[0.8448275862068965, 0.00997139077972414, 0.974358315498172]"
398,"[0.34827586206896555, 0.014381225611779312, 0.8105472981478801]"
269,"[1.0, 0.008868932071710346, 0.9902339616064819]"
428,"[0.34827586206896555, 0.015483684319793104, 0.813425778914777]"
454,"[0.22413793103448276, 0.016586143027806897, 0.7810394616794968]"
514,"[0.22413793103448276, 0.018791060443834485, 0.7683132539954117]"
268,"[0.9689655172413792, 0.008868932071710346, 0.9882159744516361]"
295,"[0.8758620689655172, 0.00997139077972414, 0.9789809214384906]"
319,"[0.689655172413793, 0.011073849487737932, 0.9319173020110413]"
345,"[0.5655172413793104, 0.012176308195751724, 0.8825083327694212]"
372,"[0.4724137931034482, 0.013278766903765518, 0.8518614841013272]"
542,"[0.16206896551724137, 0.01989351915184828, 0.8052680379944689]"
455,"[0.25517241379310346, 0.016586143027806897, 0.78037899670498]"
457,"[0.3172413793103448, 0.016586143027806897, 0.7975069893882737]"
513,"[0.19310344827586207, 0.018791060443834485, 0.7840809708461617]"
374,"[0.5344827586206896, 0.013278766903765518, 0.8727165293087693]"
570,"[0.1, 0.02099597785986207, 0.8933237885707989]"
373,"[0.503448275862069, 0.013278766903765518, 0.8543531179373913]"
297,"[0.9379310344827586, 0.00997139077972414, 0.9858991914033479]"
543,"[0.19310344827586207, 0.01989351915184828, 0.7547420359824113]"
630,"[0.1, 0.023200895275889657, 0.8939667027280146]"
486,"[0.28620689655172415, 0.01768860173582069, 0.7876230658956611]"
512,"[0.16206896551724137, 0.018791060443834485, 0.7946919661472902]"
660,"[0.1, 0.024303353983903448, 0.8497096527253906]"
487,"[0.3172413793103448, 0.01768860173582069, 0.8191990125857587]"
456,"[0.28620689655172415, 0.016586143027806897, 0.805137638934042]"
430,"[0.41034482758620694, 0.015483684319793104, 0.8386436266869626]"
320,"[0.7206896551724138, 0.011073849487737932, 0.9415214281448941]"
348,"[0.6586206896551724, 0.012176308195751724, 0.9162617997463417]"
346,"[0.596551724137931, 0.012176308195751724, 0.8981717716437592]"
572,"[0.16206896551724137, 0.02099597785986207, 0.8000525673648439]"
483,"[0.19310344827586207, 0.01768860173582069, 0.8083463715087181]"
401,"[0.4413793103448276, 0.014381225611779312, 0.842968033474652]"
296,"[0.9068965517241379, 0.00997139077972414, 0.9825742477678694]"
603,"[0.19310344827586207, 0.022098436567875863, 0.7612671942650382]"
544,"[0.22413793103448276, 0.01989351915184828, 0.7860683775973737]"
429,"[0.3793103448275862, 0.015483684319793104, 0.8453252203315381]"
459,"[0.3793103448275862, 0.016586143027806897, 0.8360215123275669]"
601,"[0.1310344827586207, 0.022098436567875863, 0.7664767702744877]"
375,"[0.5655172413793104, 0.013278766903765518, 0.8790787404363617]"
321,"[0.7517241379310344, 0.011073849487737932, 0.9533255785456598]"
458,"[0.34827586206896555, 0.016586143027806897, 0.8369763148743121]"
460,"[0.41034482758620694, 0.016586143027806897, 0.8376373254477751]"
516,"[0.28620689655172415, 0.018791060443834485, 0.7917275900472451]"
402,"[0.4724137931034482, 0.014381225611779312, 0.8478599298259141]"
573,"[0.19310344827586207, 0.02099597785986207, 0.7463752285143768]"
515,"[0.25517241379310346, 0.018791060443834485, 0.7930470784427317]"
485,"[0.25517241379310346, 0.01768860173582069, 0.7973066816302313]"
604,"[0.22413793103448276, 0.022098436567875863, 0.7720786129089697]"
404,"[0.5344827586206896, 0.014381225611779312, 0.860699521848676]"
517,"[0.3172413793103448, 0.018791060443834485, 0.8299907273462412]"
377,"[0.6275862068965516, 0.013278766903765518, 0.9059428956819252]"
323,"[0.8137931034482758, 0.011073849487737932, 0.9679762374301862]"
376,"[0.596551724137931, 0.013278766903765518, 0.8859298282524144]"
349,"[0.689655172413793, 0.012176308195751724, 0.9326949412901981]"
547,"[0.3172413793103448, 0.01989351915184828, 0.8157099621557231]"
403,"[0.503448275862069, 0.014381225611779312, 0.8622262877700343]"
661,"[0.1310344827586207, 0.024303353983903448, 0.7968948960487077]"
299,"[1.0, 0.00997139077972414, 0.9907718377178332]"
431,"[0.4413793103448276, 0.015483684319793104, 0.8432946497439048]"
326,"[0.9068965517241379, 0.011073849487737932, 0.9830800130504609]"
602,"[0.16206896551724137, 0.022098436567875863, 0.780624007702206]"
488,"[0.34827586206896555, 0.01768860173582069, 0.8338176297749236]"
350,"[0.7206896551724138, 0.012176308195751724, 0.9434144273970967]"
378,"[0.6586206896551724, 0.013278766903765518, 0.9195621035039042]"
352,"[0.7827586206896552, 0.012176308195751724, 0.9609591961631538]"
324,"[0.8448275862068965, 0.011073849487737932, 0.9739208286280915]"
327,"[0.9379310344827586, 0.011073849487737932, 0.9860762326879854]"
325,"[0.8758620689655172, 0.011073849487737932, 0.9792701835889084]"
322,"[0.7827586206896552, 0.011073849487737932, 0.9619548277223682]"
351,"[0.7517241379310344, 0.012176308195751724, 0.9515058522396198]"
489,"[0.3793103448275862, 0.01768860173582069, 0.8282984700514513]"
407,"[0.6275862068965516, 0.014381225611779312, 0.9020471733953848]"
434,"[0.5344827586206896, 0.015483684319793104, 0.8666891421694847]"
405,"[0.5655172413793104, 0.014381225611779312, 0.8745057005644898]"
545,"[0.25517241379310346, 0.01989351915184828, 0.7769355883053534]"
574,"[0.22413793103448276, 0.02099597785986207, 0.7872796032248357]"
577,"[0.3172413793103448, 0.02099597785986207, 0.8068776053563796]"
298,"[0.9689655172413792, 0.00997139077972414, 0.9886993855151147]"
406,"[0.596551724137931, 0.014381225611779312, 0.893834712834457]"
632,"[0.16206896551724137, 0.023200895275889657, 0.7541662435769536]"
461,"[0.4413793103448276, 0.016586143027806897, 0.8490032642881139]"
546,"[0.28620689655172415, 0.01989351915184828, 0.814669018918263]"
462,"[0.4724137931034482, 0.016586143027806897, 0.8413925405078568]"
432,"[0.4724137931034482, 0.015483684319793104, 0.853882294997134]"
520,"[0.41034482758620694, 0.018791060443834485, 0.8314290365051313]"
575,"[0.25517241379310346, 0.02099597785986207, 0.7799381594628335]"
353,"[0.8137931034482758, 0.012176308195751724, 0.9685304889980912]"
381,"[0.7517241379310344, 0.013278766903765518, 0.9522747067662157]"
354,"[0.8448275862068965, 0.012176308195751724, 0.9736734070991521]"
690,"[0.1, 0.025405812691917242, 0.7757930150044386]"
576,"[0.28620689655172415, 0.02099597785986207, 0.8204804685548924]"
382,"[0.7827586206896552, 0.013278766903765518, 0.9590955817612665]"
548,"[0.34827586206896555, 0.01989351915184828, 0.8243750134974985]"
518,"[0.34827586206896555, 0.018791060443834485, 0.8176329090362425]"
435,"[0.5655172413793104, 0.015483684319793104, 0.8796042440938875]"
380,"[0.7206896551724138, 0.013278766903765518, 0.9420127435997794]"
490,"[0.41034482758620694, 0.01768860173582069, 0.8452250644188165]"
491,"[0.4413793103448276, 0.01768860173582069, 0.8363567729288984]"
408,"[0.6586206896551724, 0.014381225611779312, 0.9164681226709138]"
464,"[0.5344827586206896, 0.016586143027806897, 0.867556052970151]"
328,"[0.9689655172413792, 0.011073849487737932, 0.9888643366962672]"
383,"[0.8137931034482758, 0.013278766903765518, 0.9670222831826442]"
379,"[0.689655172413793, 0.013278766903765518, 0.9287908113452901]"
433,"[0.503448275862069, 0.015483684319793104, 0.8484511034388212]"
492,"[0.4724137931034482, 0.01768860173582069, 0.8553007599180714]"
409,"[0.689655172413793, 0.014381225611779312, 0.9305904401743423]"
329,"[1.0, 0.011073849487737932, 0.9911519859437425]"
493,"[0.503448275862069, 0.01768860173582069, 0.8599517574555389]"
356,"[0.9068965517241379, 0.012176308195751724, 0.983214047082501]"
519,"[0.3793103448275862, 0.018791060443834485, 0.8382411477219396]"
436,"[0.596551724137931, 0.015483684319793104, 0.8870255523851133]"
355,"[0.8758620689655172, 0.012176308195751724, 0.9786534914962867]"
438,"[0.6586206896551724, 0.015483684319793104, 0.9140696536886451]"
437,"[0.6275862068965516, 0.015483684319793104, 0.9050457589463872]"
634,"[0.22413793103448276, 0.023200895275889657, 0.7617615625927262]"
494,"[0.5344827586206896, 0.01768860173582069, 0.8688144168820929]"
357,"[0.9379310344827586, 0.012176308195751724, 0.986546633179663]"
411,"[0.7517241379310344, 0.014381225611779312, 0.9492742340092928]"
412,"[0.7827586206896552, 0.014381225611779312, 0.959467913212105]"
463,"[0.503448275862069, 0.016586143027806897, 0.8604397049481669]"
465,"[0.5655172413793104, 0.016586143027806897, 0.8764279678194156]"
410,"[0.7206896551724138, 0.014381225611779312, 0.938421998956551]"
359,"[1.0, 0.012176308195751724, 0.991585383210677]"
439,"[0.689655172413793, 0.015483684319793104, 0.9243294585333641]"
358,"[0.9689655172413792, 0.012176308195751724, 0.9892580784840518]"
633,"[0.19310344827586207, 0.023200895275889657, 0.7761211734787542]"
467,"[0.6275862068965516, 0.016586143027806897, 0.8965231090364744]"
691,"[0.1310344827586207, 0.025405812691917242, 0.7968230097071015]"
385,"[0.8758620689655172, 0.013278766903765518, 0.9788838127786292]"
466,"[0.596551724137931, 0.016586143027806897, 0.8921046607822967]"
468,"[0.6586206896551724, 0.016586143027806897, 0.9119054226802509]"
605,"[0.25517241379310346, 0.022098436567875863, 0.8018130600831621]"
387,"[0.9379310344827586, 0.013278766903765518, 0.9870594447268868]"
413,"[0.8137931034482758, 0.014381225611779312, 0.9666162901007498]"
386,"[0.9068965517241379, 0.013278766903765518, 0.983414083666148]"
384,"[0.8448275862068965, 0.013278766903765518, 0.9739385312662346]"
415,"[0.8758620689655172, 0.014381225611779312, 0.9794791106541693]"
522,"[0.4724137931034482, 0.018791060443834485, 0.8558885263590832]"
549,"[0.3793103448275862, 0.01989351915184828, 0.8279929491597994]"
414,"[0.8448275862068965, 0.014381225611779312, 0.973873122673253]"
441,"[0.7517241379310344, 0.015483684319793104, 0.9482565313713609]"
662,"[0.16206896551724137, 0.024303353983903448, 0.735950708655639]"
521,"[0.4413793103448276, 0.018791060443834485, 0.848827148091528]"
440,"[0.7206896551724138, 0.015483684319793104, 0.9388347449999423]"
442,"[0.7827586206896552, 0.015483684319793104, 0.9587008914387517]"
550,"[0.41034482758620694, 0.01989351915184828, 0.8370312282528203]"
607,"[0.3172413793103448, 0.022098436567875863, 0.8170704812004898]"
389,"[1.0, 0.013278766903765518, 0.9917891481136872]"
388,"[0.9689655172413792, 0.013278766903765518, 0.9896201869103716]"
664,"[0.22413793103448276, 0.024303353983903448, 0.7748722053480537]"
578,"[0.34827586206896555, 0.02099597785986207, 0.8264327666834508]"
523,"[0.503448275862069, 0.018791060443834485, 0.862960905389694]"
663,"[0.19310344827586207, 0.024303353983903448, 0.7771002082381581]"
496,"[0.596551724137931, 0.01768860173582069, 0.8820887113822053]"
720,"[0.1, 0.026508271399931036, 0.7265221584220332]"
416,"[0.9068965517241379, 0.014381225611779312, 0.9834450363368623]"
606,"[0.28620689655172415, 0.022098436567875863, 0.8059479780035022]"
443,"[0.8137931034482758, 0.015483684319793104, 0.9673952978461751]"
495,"[0.5655172413793104, 0.01768860173582069, 0.8797854809649005]"
469,"[0.689655172413793, 0.016586143027806897, 0.9247159478248669]"
635,"[0.25517241379310346, 0.023200895275889657, 0.812457168951469]"
524,"[0.5344827586206896, 0.018791060443834485, 0.8709697923799498]"
552,"[0.4724137931034482, 0.01989351915184828, 0.8569494623622107]"
579,"[0.3793103448275862, 0.02099597785986207, 0.8201227046437016]"
692,"[0.16206896551724137, 0.025405812691917242, 0.7381316328459905]"
637,"[0.3172413793103448, 0.023200895275889657, 0.8159689023792114]"
580,"[0.41034482758620694, 0.02099597785986207, 0.8474152703773248]"
721,"[0.1310344827586207, 0.026508271399931036, 0.7859233564409069]"
551,"[0.4413793103448276, 0.01989351915184828, 0.8527843829129917]"
417,"[0.9379310344827586, 0.014381225611779312, 0.9870820561586431]"
750,"[0.1, 0.02761073010794483, 0.7368267456289389]"
608,"[0.34827586206896555, 0.022098436567875863, 0.810809242394023]"
694,"[0.22413793103448276, 0.025405812691917242, 0.7955641811992245]"
497,"[0.6275862068965516, 0.01768860173582069, 0.8992354780319033]"
418,"[0.9689655172413792, 0.014381225611779312, 0.9898895206649547]"
498,"[0.6586206896551724, 0.01768860173582069, 0.9088395311934739]"
665,"[0.25517241379310346, 0.024303353983903448, 0.8026796603712655]"
693,"[0.19310344827586207, 0.025405812691917242, 0.7649353579969201]"
471,"[0.7517241379310344, 0.016586143027806897, 0.949518276498376]"
444,"[0.8448275862068965, 0.015483684319793104, 0.9732990841269173]"
470,"[0.7206896551724138, 0.016586143027806897, 0.9361442650519837]"
724,"[0.22413793103448276, 0.026508271399931036, 0.8033572732639962]"
751,"[0.1310344827586207, 0.02761073010794483, 0.7663002510641453]"
445,"[0.8758620689655172, 0.015483684319793104, 0.9791729560599362]"
554,"[0.5344827586206896, 0.01989351915184828, 0.8637457150817925]"
667,"[0.3172413793103448, 0.024303353983903448, 0.8006792401848106]"
722,"[0.16206896551724137, 0.026508271399931036, 0.7534921914490713]"
636,"[0.28620689655172415, 0.023200895275889657, 0.7967756869295581]"
472,"[0.7827586206896552, 0.016586143027806897, 0.9576287609155371]"
499,"[0.689655172413793, 0.01768860173582069, 0.9245777942408266]"
526,"[0.596551724137931, 0.018791060443834485, 0.8869265220073743]"
553,"[0.503448275862069, 0.01989351915184828, 0.8662535236008323]"
582,"[0.4724137931034482, 0.02099597785986207, 0.8633082391024073]"
419,"[1.0, 0.014381225611779312, 0.9920605313258283]"
609,"[0.3793103448275862, 0.022098436567875863, 0.8353244672106943]"
666,"[0.28620689655172415, 0.024303353983903448, 0.8060724413317596]"
780,"[0.1, 0.028713188815958624, 0.7532464336714434]"
610,"[0.41034482758620694, 0.022098436567875863, 0.8391422727768114]"
525,"[0.5655172413793104, 0.018791060443834485, 0.8714141910187544]"
446,"[0.9068965517241379, 0.015483684319793104, 0.9836317669545436]"
581,"[0.4413793103448276, 0.02099597785986207, 0.8484872864159865]"
473,"[0.8137931034482758, 0.016586143027806897, 0.9662408614440876]"
500,"[0.7206896551724138, 0.01768860173582069, 0.9367850420541459]"
695,"[0.25517241379310346, 0.025405812691917242, 0.7873828902975243]"
638,"[0.34827586206896555, 0.023200895275889657, 0.8133771764981937]"
723,"[0.19310344827586207, 0.026508271399931036, 0.7521961381836422]"
447,"[0.9379310344827586, 0.015483684319793104, 0.9872159176799793]"
528,"[0.6586206896551724, 0.018791060443834485, 0.9123757813137195]"
697,"[0.3172413793103448, 0.025405812691917242, 0.8024918160801733]"
555,"[0.5655172413793104, 0.01989351915184828, 0.8771216177656886]"
527,"[0.6275862068965516, 0.018791060443834485, 0.8944660844692564]"
584,"[0.5344827586206896, 0.02099597785986207, 0.8707281834550534]"
781,"[0.1310344827586207, 0.028713188815958624, 0.7432923979719521]"
752,"[0.16206896551724137, 0.02761073010794483, 0.7664180720908101]"
640,"[0.41034482758620694, 0.023200895275889657, 0.8447841069319562]"
474,"[0.8448275862068965, 0.016586143027806897, 0.9733208148344508]"
810,"[0.1, 0.029815647523972415, 0.7698477722415719]"
668,"[0.34827586206896555, 0.024303353983903448, 0.827812303020333]"
556,"[0.596551724137931, 0.01989351915184828, 0.8828875306954523]"
696,"[0.28620689655172415, 0.025405812691917242, 0.8088540628720782]"
448,"[0.9689655172413792, 0.015483684319793104, 0.9902454225585046]"
583,"[0.503448275862069, 0.02099597785986207, 0.857844168450689]"
754,"[0.22413793103448276, 0.02761073010794483, 0.7947166541554023]"
475,"[0.8758620689655172, 0.016586143027806897, 0.9789230607756364]"
639,"[0.3793103448275862, 0.023200895275889657, 0.834534622058294]"
725,"[0.25517241379310346, 0.026508271399931036, 0.7884849152482227]"
501,"[0.7517241379310344, 0.01768860173582069, 0.9464093029309439]"
753,"[0.19310344827586207, 0.02761073010794483, 0.7558219326090622]"
811,"[0.1310344827586207, 0.029815647523972415, 0.7261953643923514]"
840,"[0.1, 0.03091810623198621, 0.7824334500806351]"
529,"[0.689655172413793, 0.018791060443834485, 0.921669378693012]"
782,"[0.16206896551724137, 0.028713188815958624, 0.7687096631450425]"
476,"[0.9068965517241379, 0.016586143027806897, 0.983996231998188]"
612,"[0.4724137931034482, 0.022098436567875863, 0.8525195958320134]"
530,"[0.7206896551724138, 0.018791060443834485, 0.934653517510206]"
611,"[0.4413793103448276, 0.022098436567875863, 0.8575847704057526]"
449,"[1.0, 0.015483684319793104, 0.9923803409671725]"
503,"[0.8137931034482758, 0.01768860173582069, 0.9652692629358546]"
726,"[0.28620689655172415, 0.026508271399931036, 0.7947565963791912]"
670,"[0.41034482758620694, 0.024303353983903448, 0.8464221663493435]"
727,"[0.3172413793103448, 0.026508271399931036, 0.8174028564502859]"
502,"[0.7827586206896552, 0.01768860173582069, 0.9574573552875677]"
558,"[0.6586206896551724, 0.01989351915184828, 0.9067484695364363]"
585,"[0.5655172413793104, 0.02099597785986207, 0.8741350644558087]"
698,"[0.34827586206896555, 0.025405812691917242, 0.8243282356478097]"
614,"[0.5344827586206896, 0.022098436567875863, 0.8676651713295033]"
784,"[0.22413793103448276, 0.028713188815958624, 0.7800333445042663]"
755,"[0.25517241379310346, 0.02761073010794483, 0.7986479340251951]"
642,"[0.4724137931034482, 0.023200895275889657, 0.8585504308166704]"
586,"[0.596551724137931, 0.02099597785986207, 0.8894447175762848]"
557,"[0.6275862068965516, 0.01989351915184828, 0.9000070400995107]"
477,"[0.9379310344827586, 0.016586143027806897, 0.9874976169313564]"
613,"[0.503448275862069, 0.022098436567875863, 0.8659691082843572]"
812,"[0.16206896551724137, 0.029815647523972415, 0.7602285151031604]"
669,"[0.3793103448275862, 0.024303353983903448, 0.8284452936444932]"
531,"[0.7517241379310344, 0.018791060443834485, 0.9456058977791341]"
783,"[0.19310344827586207, 0.028713188815958624, 0.774469115402173]"
504,"[0.8448275862068965, 0.01768860173582069, 0.9734482463900767]"
757,"[0.3172413793103448, 0.02761073010794483, 0.8167968642291864]"
478,"[0.9689655172413792, 0.016586143027806897, 0.9904120771084616]"
532,"[0.7827586206896552, 0.018791060443834485, 0.9561909979809727]"
841,"[0.1310344827586207, 0.03091810623198621, 0.7231845274452289]"
587,"[0.6275862068965516, 0.02099597785986207, 0.8936731322748879]"
699,"[0.3793103448275862, 0.025405812691917242, 0.8377117605267266]"
559,"[0.689655172413793, 0.01989351915184828, 0.9216830760745767]"
641,"[0.4413793103448276, 0.023200895275889657, 0.8485988516641386]"
756,"[0.28620689655172415, 0.02761073010794483, 0.7862178298034702]"
615,"[0.5655172413793104, 0.022098436567875863, 0.8820701373866175]"
560,"[0.7206896551724138, 0.01989351915184828, 0.931717883104697]"
588,"[0.6586206896551724, 0.02099597785986207, 0.9080795393564517]"
700,"[0.41034482758620694, 0.025405812691917242, 0.8334456966272586]"
644,"[0.5344827586206896, 0.023200895275889657, 0.8769768800423765]"
870,"[0.1, 0.032020564939999996, 0.7890614676515897]"
813,"[0.19310344827586207, 0.029815647523972415, 0.7909645827983816]"
814,"[0.22413793103448276, 0.029815647523972415, 0.7766808623762045]"
785,"[0.25517241379310346, 0.028713188815958624, 0.797587923069875]"
616,"[0.596551724137931, 0.022098436567875863, 0.8833134642068642]"
505,"[0.8758620689655172, 0.01768860173582069, 0.9791982916261537]"
728,"[0.34827586206896555, 0.026508271399931036, 0.8192280148908456]"
643,"[0.503448275862069, 0.023200895275889657, 0.8624850418928659]"
672,"[0.4724137931034482, 0.024303353983903448, 0.8578427335458169]"
533,"[0.8137931034482758, 0.018791060443834485, 0.9659179109227628]"
561,"[0.7517241379310344, 0.01989351915184828, 0.9458579424283543]"
671,"[0.4413793103448276, 0.024303353983903448, 0.8452857970934584]"
479,"[1.0, 0.016586143027806897, 0.9926087101696573]"
506,"[0.9068965517241379, 0.01768860173582069, 0.9839595194436137]"
701,"[0.4413793103448276, 0.025405812691917242, 0.8517571571053155]"
507,"[0.9379310344827586, 0.01768860173582069, 0.9876915491263614]"
730,"[0.41034482758620694, 0.026508271399931036, 0.8382982845807506]"
842,"[0.16206896551724137, 0.03091810623198621, 0.7470268200017236]"
617,"[0.6275862068965516, 0.022098436567875863, 0.8957361991235265]"
645,"[0.5655172413793104, 0.023200895275889657, 0.876112858910802]"
702,"[0.4724137931034482, 0.025405812691917242, 0.8585887052968081]"
758,"[0.34827586206896555, 0.02761073010794483, 0.8285315742592039]"
674,"[0.5344827586206896, 0.024303353983903448, 0.8718822321216769]"
729,"[0.3793103448275862, 0.026508271399931036, 0.8349264055284814]"
787,"[0.3172413793103448, 0.028713188815958624, 0.80818683317733]"
646,"[0.596551724137931, 0.023200895275889657, 0.8864109494599067]"
815,"[0.25517241379310346, 0.029815647523972415, 0.7836083124573358]"
786,"[0.28620689655172415, 0.028713188815958624, 0.7989824289093033]"
673,"[0.503448275862069, 0.024303353983903448, 0.8704279061728178]"
534,"[0.8448275862068965, 0.018791060443834485, 0.9729128612595718]"
589,"[0.689655172413793, 0.02099597785986207, 0.9174884311074426]"
508,"[0.9689655172413792, 0.01768860173582069, 0.9905196230185682]"
844,"[0.22413793103448276, 0.03091810623198621, 0.7857775943312876]"
817,"[0.3172413793103448, 0.029815647523972415, 0.8139872338542447]"
563,"[0.8137931034482758, 0.01989351915184828, 0.9653706167356955]"
562,"[0.7827586206896552, 0.01989351915184828, 0.9557840663776433]"
618,"[0.6586206896551724, 0.022098436567875863, 0.903992370232401]"
760,"[0.41034482758620694, 0.02761073010794483, 0.8408474143159377]"
843,"[0.19310344827586207, 0.03091810623198621, 0.7948508991870616]"
871,"[0.1310344827586207, 0.032020564939999996, 0.7330709586419534]"
536,"[0.9068965517241379, 0.018791060443834485, 0.9838324777161293]"
590,"[0.7206896551724138, 0.02099597785986207, 0.9336081656280973]"
619,"[0.689655172413793, 0.022098436567875863, 0.9201145088297199]"
703,"[0.503448275862069, 0.025405812691917242, 0.8695104353403257]"
535,"[0.8758620689655172, 0.018791060443834485, 0.9792935706546873]"
759,"[0.3793103448275862, 0.02761073010794483, 0.8232405125159666]"
675,"[0.5655172413793104, 0.024303353983903448, 0.8802380076264478]"
732,"[0.4724137931034482, 0.026508271399931036, 0.8654399177902978]"
591,"[0.7517241379310344, 0.02099597785986207, 0.9438687444165452]"
592,"[0.7827586206896552, 0.02099597785986207, 0.9557767806274099]"
537,"[0.9379310344827586, 0.018791060443834485, 0.9878719360325086]"
620,"[0.7206896551724138, 0.022098436567875863, 0.9309805136366589]"
647,"[0.6275862068965516, 0.023200895275889657, 0.8920939195761997]"
564,"[0.8448275862068965, 0.01989351915184828, 0.97262859570811]"
704,"[0.5344827586206896, 0.025405812691917242, 0.8747082533583601]"
845,"[0.25517241379310346, 0.03091810623198621, 0.7758091509530719]"
816,"[0.28620689655172415, 0.029815647523972415, 0.8093613320111736]"
648,"[0.6586206896551724, 0.023200895275889657, 0.9071080669746366]"
676,"[0.596551724137931, 0.024303353983903448, 0.8826118431010633]"
847,"[0.3172413793103448, 0.03091810623198621, 0.8207722726258186]"
538,"[0.9689655172413792, 0.018791060443834485, 0.9907556251033313]"
733,"[0.503448275862069, 0.026508271399931036, 0.866235813775671]"
788,"[0.34827586206896555, 0.028713188815958624, 0.8276560470855636]"
789,"[0.3793103448275862, 0.028713188815958624, 0.8294539528515359]"
509,"[1.0, 0.01768860173582069, 0.9928493090614785]"
874,"[0.22413793103448276, 0.032020564939999996, 0.7912113979590841]"
872,"[0.16206896551724137, 0.032020564939999996, 0.7402406838495437]"
762,"[0.4724137931034482, 0.02761073010794483, 0.8569928645605117]"
731,"[0.4413793103448276, 0.026508271399931036, 0.8456883003037189]"
593,"[0.8137931034482758, 0.02099597785986207, 0.9640639893273695]"
565,"[0.8758620689655172, 0.01989351915184828, 0.979033889777225]"
734,"[0.5344827586206896, 0.026508271399931036, 0.8721706103246588]"
873,"[0.19310344827586207, 0.032020564939999996, 0.7860595829125366]"
761,"[0.4413793103448276, 0.02761073010794483, 0.8530534716404833]"
706,"[0.596551724137931, 0.025405812691917242, 0.8889872040313646]"
705,"[0.5655172413793104, 0.025405812691917242, 0.8760140294227478]"
678,"[0.6586206896551724, 0.024303353983903448, 0.9051877650907312]"
677,"[0.6275862068965516, 0.024303353983903448, 0.8964410617772894]"
621,"[0.7517241379310344, 0.022098436567875863, 0.9437714991439952]"
790,"[0.41034482758620694, 0.028713188815958624, 0.8358482779707188]"
595,"[0.8758620689655172, 0.02099597785986207, 0.9789580689419258]"
846,"[0.28620689655172415, 0.03091810623198621, 0.8044459895807776]"
539,"[1.0, 0.018791060443834485, 0.9930673779005036]"
818,"[0.34827586206896555, 0.029815647523972415, 0.8143387247247083]"
622,"[0.7827586206896552, 0.022098436567875863, 0.9539414902713682]"
792,"[0.4724137931034482, 0.028713188815958624, 0.8597249212699933]"
594,"[0.8448275862068965, 0.02099597785986207, 0.9727629971760552]"
623,"[0.8137931034482758, 0.022098436567875863, 0.9643228852045203]"
763,"[0.503448275862069, 0.02761073010794483, 0.8687885163475213]"
566,"[0.9068965517241379, 0.01989351915184828, 0.9840849032954554]"
707,"[0.6275862068965516, 0.025405812691917242, 0.8944487275192688]"
650,"[0.7206896551724138, 0.023200895275889657, 0.9300750432219452]"
568,"[0.9689655172413792, 0.01989351915184828, 0.9909662041504499]"
708,"[0.6586206896551724, 0.025405812691917242, 0.9038523659719164]"
875,"[0.25517241379310346, 0.032020564939999996, 0.7870002911673892]"
764,"[0.5344827586206896, 0.02761073010794483, 0.8753257165181239]"
567,"[0.9379310344827586, 0.01989351915184828, 0.9880189540370506]"
791,"[0.4413793103448276, 0.028713188815958624, 0.8539091172723547]"
819,"[0.3793103448275862, 0.029815647523972415, 0.8323319587778079]"
735,"[0.5655172413793104, 0.026508271399931036, 0.8832713303713728]"
651,"[0.7517241379310344, 0.023200895275889657, 0.9422728696427242]"
596,"[0.9068965517241379, 0.02099597785986207, 0.9843091735598287]"
652,"[0.7827586206896552, 0.023200895275889657, 0.9536505679363723]"
679,"[0.689655172413793, 0.024303353983903448, 0.916153387554605]"
848,"[0.34827586206896555, 0.03091810623198621, 0.8159537609158158]"
649,"[0.689655172413793, 0.023200895275889657, 0.9177585010333331]"
877,"[0.3172413793103448, 0.032020564939999996, 0.8117796369076574]"
680,"[0.7206896551724138, 0.024303353983903448, 0.9293344467011948]"
736,"[0.596551724137931, 0.026508271399931036, 0.8863868653780935]"
737,"[0.6275862068965516, 0.026508271399931036, 0.894888392209343]"
653,"[0.8137931034482758, 0.023200895275889657, 0.9642982995326969]"
624,"[0.8448275862068965, 0.022098436567875863, 0.9724900595971345]"
625,"[0.8758620689655172, 0.022098436567875863, 0.979038284406106]"
876,"[0.28620689655172415, 0.032020564939999996, 0.798473594325441]"
765,"[0.5655172413793104, 0.02761073010794483, 0.8813487774632831]"
820,"[0.41034482758620694, 0.029815647523972415, 0.844934446922878]"
569,"[1.0, 0.01989351915184828, 0.9931836671628232]"
849,"[0.3793103448275862, 0.03091810623198621, 0.826191186895002]"
681,"[0.7517241379310344, 0.024303353983903448, 0.9411743749752574]"
710,"[0.7206896551724138, 0.025405812691917242, 0.9276528032120422]"
822,"[0.4724137931034482, 0.029815647523972415, 0.8567678015081781]"
794,"[0.5344827586206896, 0.028713188815958624, 0.8783045615467671]"
821,"[0.4413793103448276, 0.029815647523972415, 0.8460774838572214]"
597,"[0.9379310344827586, 0.02099597785986207, 0.9880218066079726]"
709,"[0.689655172413793, 0.025405812691917242, 0.9160586221603504]"
793,"[0.503448275862069, 0.028713188815958624, 0.8639126135642229]"
738,"[0.6586206896551724, 0.026508271399931036, 0.9037273992020528]"
598,"[0.9689655172413792, 0.02099597785986207, 0.9911134525369143]"
766,"[0.596551724137931, 0.02761073010794483, 0.8895083360924868]"
767,"[0.6275862068965516, 0.02761073010794483, 0.8933322361358852]"
878,"[0.34827586206896555, 0.032020564939999996, 0.8230572644026162]"
682,"[0.7827586206896552, 0.024303353983903448, 0.9540496661683198]"
627,"[0.9379310344827586, 0.022098436567875863, 0.9881627757522786]"
850,"[0.41034482758620694, 0.03091810623198621, 0.8449209228963923]"
824,"[0.5344827586206896, 0.029815647523972415, 0.8766017640786365]"
626,"[0.9068965517241379, 0.022098436567875863, 0.9841648352424113]"
599,"[1.0, 0.02099597785986207, 0.993354136374441]"
768,"[0.6586206896551724, 0.02761073010794483, 0.9028510828057008]"
655,"[0.8758620689655172, 0.023200895275889657, 0.9789771315100463]"
796,"[0.596551724137931, 0.028713188815958624, 0.8854758222127637]"
795,"[0.5655172413793104, 0.028713188815958624, 0.8847900696405241]"
879,"[0.3793103448275862, 0.032020564939999996, 0.8336265581766585]"
683,"[0.8137931034482758, 0.024303353983903448, 0.9630023894818716]"
740,"[0.7206896551724138, 0.026508271399931036, 0.9289879834481554]"
823,"[0.503448275862069, 0.029815647523972415, 0.8715477629241528]"
654,"[0.8448275862068965, 0.023200895275889657, 0.9719554008622204]"
852,"[0.4724137931034482, 0.03091810623198621, 0.8556127417893465]"
880,"[0.41034482758620694, 0.032020564939999996, 0.8369788456284935]"
628,"[0.9689655172413792, 0.022098436567875863, 0.9913007758035993]"
851,"[0.4413793103448276, 0.03091810623198621, 0.8506830728333575]"
711,"[0.7517241379310344, 0.025405812691917242, 0.9419733836749239]"
739,"[0.689655172413793, 0.026508271399931036, 0.9143019484763524]"
684,"[0.8448275862068965, 0.024303353983903448, 0.9719492398071305]"
656,"[0.9068965517241379, 0.023200895275889657, 0.9841544581109797]"
769,"[0.689655172413793, 0.02761073010794483, 0.9164978187996096]"
797,"[0.6275862068965516, 0.028713188815958624, 0.8949524059918637]"
825,"[0.5655172413793104, 0.029815647523972415, 0.881100061158739]"
712,"[0.7827586206896552, 0.025405812691917242, 0.9521454088727521]"
770,"[0.7206896551724138, 0.02761073010794483, 0.926060439963952]"
657,"[0.9379310344827586, 0.023200895275889657, 0.988402948986789]"
826,"[0.596551724137931, 0.029815647523972415, 0.890123280289521]"
713,"[0.8137931034482758, 0.025405812691917242, 0.9628046819871926]"
741,"[0.7517241379310344, 0.026508271399931036, 0.939590275983047]"
685,"[0.8758620689655172, 0.024303353983903448, 0.9788730026835691]"
798,"[0.6586206896551724, 0.028713188815958624, 0.9057183150654379]"
714,"[0.8448275862068965, 0.025405812691917242, 0.9719350449257308]"
853,"[0.503448275862069, 0.03091810623198621, 0.8680381876690841]"
742,"[0.7827586206896552, 0.026508271399931036, 0.9515842991145346]"
743,"[0.8137931034482758, 0.026508271399931036, 0.9630109879943091]"
854,"[0.5344827586206896, 0.03091810623198621, 0.8786215003243746]"
882,"[0.4724137931034482, 0.032020564939999996, 0.8624125474589451]"
658,"[0.9689655172413792, 0.023200895275889657, 0.9913801054430289]"
827,"[0.6275862068965516, 0.029815647523972415, 0.8967681589959667]"
881,"[0.4413793103448276, 0.032020564939999996, 0.8463162553688249]"
629,"[1.0, 0.022098436567875863, 0.9935208430035761]"
688,"[0.9689655172413792, 0.024303353983903448, 0.9914694073701544]"
800,"[0.7206896551724138, 0.028713188815958624, 0.9254832920078087]"
715,"[0.8758620689655172, 0.025405812691917242, 0.9787154205817037]"
659,"[1.0, 0.023200895275889657, 0.9936564520908838]"
799,"[0.689655172413793, 0.028713188815958624, 0.9129132401759582]"
828,"[0.6586206896551724, 0.029815647523972415, 0.9021705748764105]"
687,"[0.9379310344827586, 0.024303353983903448, 0.9884460343738811]"
744,"[0.8448275862068965, 0.026508271399931036, 0.9713634132021447]"
855,"[0.5655172413793104, 0.03091810623198621, 0.8838226653316077]"
716,"[0.9068965517241379, 0.025405812691917242, 0.9843430941450378]"
745,"[0.8758620689655172, 0.026508271399931036, 0.9786773561785077]"
856,"[0.596551724137931, 0.03091810623198621, 0.8892061443994305]"
686,"[0.9068965517241379, 0.024303353983903448, 0.9843012896058527]"
773,"[0.8137931034482758, 0.02761073010794483, 0.9619965729711311]"
883,"[0.503448275862069, 0.032020564939999996, 0.8697529811499322]"
771,"[0.7517241379310344, 0.02761073010794483, 0.9387678047345779]"
717,"[0.9379310344827586, 0.025405812691917242, 0.9884705948595508]"
884,"[0.5344827586206896, 0.032020564939999996, 0.8734420912620707]"
772,"[0.7827586206896552, 0.02761073010794483, 0.9520817569761356]"
689,"[1.0, 0.024303353983903448, 0.9938269062500539]"
774,"[0.8448275862068965, 0.02761073010794483, 0.971113491450897]"
885,"[0.5655172413793104, 0.032020564939999996, 0.8840786165804233]"
718,"[0.9689655172413792, 0.025405812691917242, 0.9916424004530753]"
801,"[0.7517241379310344, 0.028713188815958624, 0.9395913401354165]"
886,"[0.596551724137931, 0.032020564939999996, 0.893075389249997]"
802,"[0.7827586206896552, 0.028713188815958624, 0.9505960333770866]"
829,"[0.689655172413793, 0.029815647523972415, 0.9134554897847479]"
857,"[0.6275862068965516, 0.03091810623198621, 0.8959368964528903]"
775,"[0.8758620689655172, 0.02761073010794483, 0.9787199519628087]"
858,"[0.6586206896551724, 0.03091810623198621, 0.9040014166326769]"
748,"[0.9689655172413792, 0.026508271399931036, 0.9917706780184719]"
803,"[0.8137931034482758, 0.028713188815958624, 0.9614622741942335]"
747,"[0.9379310344827586, 0.026508271399931036, 0.9885734239863716]"
859,"[0.689655172413793, 0.03091810623198621, 0.9135896781748556]"
832,"[0.7827586206896552, 0.029815647523972415, 0.9498891582341066]"
746,"[0.9068965517241379, 0.026508271399931036, 0.9843516542585978]"
887,"[0.6275862068965516, 0.032020564939999996, 0.8964093502621151]"
860,"[0.7206896551724138, 0.03091810623198621, 0.9243893695475496]"
719,"[1.0, 0.025405812691917242, 0.9939550687684199]"
830,"[0.7206896551724138, 0.029815647523972415, 0.926411307944973]"
831,"[0.7517241379310344, 0.029815647523972415, 0.9376367835262023]"
889,"[0.689655172413793, 0.032020564939999996, 0.913054173691028]"
777,"[0.9379310344827586, 0.02761073010794483, 0.9886567614519514]"
776,"[0.9068965517241379, 0.02761073010794483, 0.9843289959805223]"
833,"[0.8137931034482758, 0.029815647523972415, 0.9616121656357854]"
749,"[1.0, 0.026508271399931036, 0.9940426951692717]"
804,"[0.8448275862068965, 0.028713188815958624, 0.9712096436320282]"
888,"[0.6586206896551724, 0.032020564939999996, 0.9024913618729649]"
806,"[0.9068965517241379, 0.028713188815958624, 0.9842904751281627]"
778,"[0.9689655172413792, 0.02761073010794483, 0.9918598965600942]"
835,"[0.8758620689655172, 0.029815647523972415, 0.9782992860861597]"
890,"[0.7206896551724138, 0.032020564939999996, 0.9247494895518239]"
861,"[0.7517241379310344, 0.03091810623198621, 0.9371894789023157]"
805,"[0.8758620689655172, 0.028713188815958624, 0.9785396428721648]"
807,"[0.9379310344827586, 0.028713188815958624, 0.9887529882245496]"
834,"[0.8448275862068965, 0.029815647523972415, 0.9708278252734519]"
808,"[0.9689655172413792, 0.028713188815958624, 0.9919698643956092]"
862,"[0.7827586206896552, 0.03091810623198621, 0.9500208182746787]"
863,"[0.8137931034482758, 0.03091810623198621, 0.9609443998352616]"
779,"[1.0, 0.02761073010794483, 0.9941618461637569]"
836,"[0.9068965517241379, 0.029815647523972415, 0.9843785746297836]"
891,"[0.7517241379310344, 0.032020564939999996, 0.9369108980896985]"
864,"[0.8448275862068965, 0.03091810623198621, 0.9703368623000328]"
892,"[0.7827586206896552, 0.032020564939999996, 0.9489895581763808]"
838,"[0.9689655172413792, 0.029815647523972415, 0.9920230938860237]"
894,"[0.8448275862068965, 0.032020564939999996, 0.9703626960557088]"
893,"[0.8137931034482758, 0.032020564939999996, 0.960282069971968]"
809,"[1.0, 0.028713188815958624, 0.9942586145801359]"
839,"[1.0, 0.029815647523972415, 0.9943570576610132]"
837,"[0.9379310344827586, 0.029815647523972415, 0.9888524165685193]"
867,"[0.9379310344827586, 0.03091810623198621, 0.9888299704066871]"
865,"[0.8758620689655172, 0.03091810623198621, 0.9783585560007394]"
897,"[0.9379310344827586, 0.032020564939999996, 0.9888663591187995]"
896,"[0.9068965517241379, 0.032020564939999996, 0.9843106080825285]"
868,"[0.9689655172413792, 0.03091810623198621, 0.9921047323008063]"
895,"[0.8758620689655172, 0.032020564939999996, 0.9783863969444742]"
898,"[0.9689655172413792, 0.032020564939999996, 0.9922370447994345]"
869,"[1.0, 0.03091810623198621, 0.9944812660506307]"
866,"[0.9068965517241379, 0.03091810623198621, 0.9844576547632264]"
899,"[1.0, 0.032020564939999996, 0.9945649947281533]"
