1,"[0.2, 0.00025862324649298594, 0.9981474720299061, 0, 0.19574161127484674]"
0,"[0.2, 9.85e-05, 0.9990782254582474, 0, 0.14745252552709506]"
2,"[0.2, 0.00041874649298597193, 0.9974719255710506, 0, 0.21078697736333862]"
3,"[0.2, 0.0005788697394789579, 0.9969091597021998, 0, 0.2116088400631542]"
4,"[0.2, 0.0007389929859719438, 0.9963957103677717, 0, 0.20424833381759844]"
5,"[0.2, 0.0008991162324649297, 0.9958955829278323, 0, 0.19158566537996494]"
6,"[0.2, 0.0010592394789579159, 0.995385414709759, 0, 0.17528300108849443]"
7,"[0.2, 0.0012193627254509017, 0.9948484540333831, 0, 0.15641991751474138]"
8,"[0.2, 0.0013794859719438877, 0.994271648817954, 0, 0.1357585967095309]"
9,"[0.2, 0.0015396092184368738, 0.993644077655542, 0, 0.11387257565548507]"
11,"[0.2, 0.0018598557114228456, 0.992198533018236, 0, 0.06816470071705688]"
10,"[0.2, 0.0016997324649298596, 0.9929560438084641, 0, 0.0912161407591146]"
12,"[0.2, 0.0020199789579158317, 0.9913628918445542, 0, 0.045039649248808246]"
13,"[0.2, 0.0021801022044088177, 0.9904406551304507, 0, 0.022124313500869384]"
14,"[0.2, 0.0023402254509018033, 0.9894234877576786, 0, -0.0003255629287938237]"
15,"[0.2, 0.0025003486973947894, 0.9883032260864184, 0, -0.02207490618244097]"
16,"[0.2, 0.0026604719438877754, 0.9870720163564809, 0, -0.04290489072388937]"
17,"[0.2, 0.0028205951903807615, 0.9857225542709775, 0, -0.06261039060256335]"
18,"[0.2, 0.0029807184368737475, 0.9842484332256151, 0, -0.08099894966016292]"
19,"[0.2, 0.003140841683366733, 0.9826446082460494, 0, -0.0978910741157006]"
20,"[0.2, 0.003300964929859719, 0.9809079780041114, 0, -0.11312173942998952]"
21,"[0.2, 0.003461088176352705, 0.9790380772809033, 0, -0.1265430416532602]"
22,"[0.2, 0.0036212114228456912, 0.9770378559357489, 0, -0.13802791874533302]"
23,"[0.2, 0.0037813346693386773, 0.9749144974372845, 0, -0.1474748211825635]"
24,"[0.2, 0.003941457915831663, 0.9726802013469517, 0, -0.15481312386545065]"
25,"[0.2, 0.0041015811623246485, 0.9703528232069791, 0, -0.16000894628541495]"
26,"[0.2, 0.004261704408817635, 0.9679562385878918, 0, -0.16307089596676405]"
27,"[0.2, 0.004421827655310621, 0.965520285241293, 0, -0.16405509375483024]"
28,"[0.2, 0.004581950901803606, 0.9630801497068214, 0, -0.16306871435344575]"
29,"[0.2, 0.004742074148296593, 0.9606751119312132, 0, -0.16027122808643648]"
30,"[0.2, 0.004902197394789578, 0.9583466463018684, 0, -0.1558726078366413]"
31,"[0.2, 0.005062320641282565, 0.9561359910799231, 0, -0.15012800108402205]"
32,"[0.2, 0.00522244388777555, 0.9540814179326447, 0, -0.14332875929279806]"
34,"[0.2, 0.005542690380761522, 0.9505629249880346, 0, -0.12783711670404407]"
33,"[0.2, 0.005382567134268536, 0.9522155266403516, 0, -0.13579021614041525]"
35,"[0.2, 0.005702813627254508, 0.9491386119002452, 0, -0.11978800247349884]"
36,"[0.2, 0.0058629368737474945, 0.9479472680821723, 0, -0.11194004712007714]"
37,"[0.2, 0.00602306012024048, 0.9469835016820557, 0, -0.10455576343002691]"
38,"[0.2, 0.006183183366733466, 0.9462329391561844, 0, -0.0978526840661185]"
39,"[0.2, 0.006343306613226452, 0.9456739332664115, 0, -0.09199664405164072]"
40,"[0.2, 0.006503429859719438, 0.945279604150219, 0, -0.08709877940719946]"
41,"[0.2, 0.006663553106212424, 0.9450199371381431, 0, -0.08321591404977856]"
42,"[0.2, 0.00682367635270541, 0.9448637163464636, 0, -0.08035370676155561]"
45,"[0.2, 0.007304046092184368, 0.9447171457858277, 0, -0.07729613069059672]"
44,"[0.2, 0.007143922845691382, 0.9447401382081223, 0, -0.07749016441174723]"
43,"[0.2, 0.0069837995991983955, 0.9447801518960528, 0, -0.07847179317989174]"
46,"[0.2, 0.007464169338677354, 0.944687792444385, 0, -0.07775137700057308]"
47,"[0.2, 0.00762429258517034, 0.944632162252156, 0, -0.078698786821345]"
48,"[0.2, 0.007784415831663326, 0.9445339456100907, 0, -0.07996886212614002]"
49,"[0.2, 0.007944539078156312, 0.9443804673292636, 0, -0.0813856874440671]"
50,"[0.2, 0.008104662324649297, 0.9441626561958788, 0, -0.08277246798806082]"
51,"[0.2, 0.008264785571142283, 0.9438749930171765, 0, -0.08395671741453915]"
53,"[0.2, 0.008585032064128256, 0.9430854726681654, 0, -0.08507858376561026]"
52,"[0.2, 0.00842490881763527, 0.9435154568774213, 0, -0.08477518343423839]"
54,"[0.2, 0.008745155310621242, 0.9425898477466932, 0, -0.08473618532990812]"
55,"[0.2, 0.008905278557114227, 0.9420366726264278, 0, -0.0836402007999031]"
56,"[0.2, 0.009065401803607213, 0.9414371510091584, 0, -0.08170990429126866]"
59,"[0.2, 0.009545771543086171, 0.9395123019042372, 0, -0.07058338573965293]"
57,"[0.2, 0.0092255250501002, 0.9408053197558145, 0, -0.07889528989510841]"
60,"[0.2, 0.009705894789579157, 0.938888626463595, 0, -0.06516087950813655]"
58,"[0.2, 0.009385648296593186, 0.9401576213730451, 0, -0.075180023684545]"
63,"[0.2, 0.010186264529058115, 0.9373348090208337, 0, -0.04500236523673145]"
61,"[0.2, 0.009866018036072143, 0.9383059319503947, 0, -0.05900321633161054]"
64,"[0.2, 0.010346387775551101, 0.9369758359081698, 0, -0.03748178133751795]"
62,"[0.2, 0.01002614128256513, 0.9377825681995816, 0, -0.05223347264255711]"
65,"[0.2, 0.010506511022044087, 0.9367149029023039, 0, -0.029856906194386117]"
67,"[0.2, 0.01082675751503006, 0.9365015191684133, 0, -0.015048789428274001]"
66,"[0.2, 0.010666634268537072, 0.9365567773560899, 0, -0.022317473920818925]"
69,"[0.2, 0.01114700400801603, 0.9366774484852675, 0, -0.0019926626847963026]"
68,"[0.2, 0.010986880761523045, 0.936544616482716, 0, -0.008223203636757328]"
72,"[0.2, 0.01162737374749499, 0.9374826858480197, 0, 0.012026287378064335]"
74,"[0.2, 0.01194762024048096, 0.9381992706585391, 0, 0.01693288340557254]"
71,"[0.2, 0.011467250501002002, 0.9371617754384862, 0, 0.00821108888363331]"
70,"[0.2, 0.011307127254509016, 0.936888005969781, 0, 0.0035171917542701553]"
73,"[0.2, 0.011787496993987975, 0.9378340270707356, 0, 0.014932936108051059]"
75,"[0.2, 0.012107743486973946, 0.938562750128686, 0, 0.018057259185478958]"
76,"[0.2, 0.012267866733466932, 0.9389101838846216, 0, 0.018363176182039524]"
80,"[0.2, 0.012908359719438876, 0.9399194510389641, 0, 0.013231623308202895]"
79,"[0.2, 0.01274823647294589, 0.9397410175326172, 0, 0.015248290171277]"
78,"[0.2, 0.012588113226452905, 0.939508796343581, 0, 0.01685457975328128]"
81,"[0.2, 0.013068482965931862, 0.940039993452707, 0, 0.010930819542003202]"
77,"[0.2, 0.01242798997995992, 0.9392290449835076, 0, 0.017929874154889256]"
85,"[0.2, 0.013708975951903806, 0.9399335978090636, 0, 0.0014002956427531217]"
82,"[0.2, 0.013228606212424849, 0.9401006518511897, 0, 0.00847393539957343]"
84,"[0.2, 0.01354885270541082, 0.9400444959139033, 0, 0.003591805218195286]"
88,"[0.2, 0.014189345691382764, 0.9393419873459029, 0, -0.003012100515001587]"
86,"[0.2, 0.013869099198396791, 0.9397744460792614, 0, -0.000486058844991733]"
91,"[0.2, 0.014669715430861721, 0.9385555251539724, 0, -0.002925710072788942]"
89,"[0.2, 0.01434946893787575, 0.9390873810839199, 0, -0.00353031928693274]"
83,"[0.2, 0.013388729458917835, 0.9401014792170718, 0, 0.005987239404481786]"
90,"[0.2, 0.014509592184368736, 0.9388214041636735, 0, -0.00350439451832498]"
95,"[0.2, 0.015310208416833665, 0.9377175482296989, 0, 0.004317837875365942]"
93,"[0.2, 0.014989961923847694, 0.9380702260367169, 0, -0.00018729630336607208]"
96,"[0.2, 0.015470331663326653, 0.9376124670829518, 0, 0.0070356506730578925]"
101,"[0.2, 0.016270947895791584, 0.9379268166599939, 0, 0.021066112497708362]"
87,"[0.2, 0.014029222444889779, 0.9395743294831055, 0, -0.0019802640975723727]"
94,"[0.2, 0.01515008517034068, 0.9378725759102184, 0, 0.00187981922094155]"
92,"[0.2, 0.014829838677354708, 0.9383013658782028, 0, -0.0018080531087212935]"
99,"[0.2, 0.015950701402805613, 0.9376355683167527, 0, 0.015807114493521946]"
97,"[0.2, 0.015630454909819638, 0.937562454027644, 0, 0.009930356356742933]"
102,"[0.2, 0.016431071142284568, 0.938140486550807, 0, 0.023215008302875303]"
98,"[0.2, 0.015790578156312626, 0.937570148228339, 0, 0.012891738999574342]"
100,"[0.2, 0.016110824649298597, 0.9377561299233007, 0, 0.018566257746771866]"
103,"[0.2, 0.016591194388777555, 0.9383882831997316, 0, 0.02493616049564551]"
104,"[0.2, 0.016751317635270543, 0.938660113292848, 0, 0.026170299933500465]"
105,"[0.2, 0.016911440881763527, 0.9389451501182384, 0, 0.026877358686171988]"
106,"[0.2, 0.017071564128256514, 0.9392323262136473, 0, 0.027037213943776398]"
107,"[0.2, 0.017231687374749498, 0.9395107856393436, 0, 0.026649556042676204]"
108,"[0.2, 0.017391810621242485, 0.9397702758764557, 0, 0.02573299192049401]"
109,"[0.2, 0.017551933867735472, 0.9400014691347559, 0, 0.02432352074804192]"
110,"[0.2, 0.017712057114228456, 0.9401962114555236, 0, 0.022472525524545824]"
111,"[0.2, 0.017872180360721444, 0.9403477044999614, 0, 0.020244416905332307]"
112,"[0.2, 0.018032303607214428, 0.9404506289607595, 0, 0.017714048355860514]"
113,"[0.2, 0.018192426853707415, 0.9405012202059934, 0, 0.014963999823222955]"
114,"[0.2, 0.018352550100200402, 0.9404973064295167, 0, 0.012081804757463014]"
116,"[0.2, 0.018672796593186373, 0.9403252718681552, 0, 0.006279269590396896]"
117,"[0.2, 0.018832919839679357, 0.9401607387296836, 0, 0.0035340237407847884]"
115,"[0.2, 0.018512673346693386, 0.9404383177462201, 0, 0.009157175763241081]"
119,"[0.2, 0.019153166332665332, 0.9396948816925472, 0, -0.0012460660999751617]"
118,"[0.2, 0.018993043086172345, 0.9399487831459388, 0, 0.0010015949660511446]"
120,"[0.2, 0.019313289579158316, 0.9394058078581097, 0, -0.0031474611037984805]"
121,"[0.2, 0.019473412825651303, 0.9390894784905731, 0, -0.004653555896442309]"
122,"[0.2, 0.019633536072144287, 0.9387547549383318, 0, -0.005729490373426113]"
123,"[0.2, 0.019793659318637274, 0.9384111942947393, 0, -0.00635590748221478]"
124,"[0.2, 0.019953782565130262, 0.9380687498545439, 0, -0.0065298166978937635]"
127,"[0.2, 0.020434152304609217, 0.9371460899261509, 0, -0.004554333040528952]"
125,"[0.2, 0.020113905811623246, 0.9377374251130628, 0, -0.006264909253518091]"
126,"[0.2, 0.020274029058116233, 0.9374268919167738, 0, -0.00559125477620272]"
128,"[0.2, 0.020594275551102204, 0.9369028303438707, 0, -0.0032133899399409715]"
130,"[0.2, 0.020914522044088175, 0.9365524089752917, 0, 8.902486379071584e-05]"
129,"[0.2, 0.02075439879759519, 0.9367034307605976, 0, -0.0016391510780915976]"
131,"[0.2, 0.021074645290581163, 0.9364522611469389, 0, 0.0018864236305378042]"
132,"[0.2, 0.021234768537074147, 0.9364033436201664, 0, 0.0036665153704091807]"
134,"[0.2, 0.02155501503006012, 0.9364500159253388, 0, 0.006841103670110066]"
133,"[0.2, 0.021394891783567134, 0.936403868912689, 0, 0.005344563714644444]"
135,"[0.2, 0.021715138276553105, 0.9365361440401639, 0, 0.0080851003390248]"
136,"[0.2, 0.021875261523046093, 0.9366550919960017, 0, 0.00901663008045015]"
138,"[0.2, 0.022195508016032064, 0.9369573830432184, 0, 0.009770015025798813]"
137,"[0.2, 0.022035384769539076, 0.9367985364975432, 0, 0.009588968061782234]"
139,"[0.2, 0.02235563126252505, 0.9371221623962467, 0, 0.009543044995049358]"
141,"[0.2, 0.022675877755511022, 0.9374320099005269, 0, 0.007874982802617718]"
140,"[0.2, 0.022515754509018035, 0.937283409843517, 0, 0.008906798898403092]"
142,"[0.2, 0.022836001002004006, 0.9375594953328723, 0, 0.006475251707312349]"
143,"[0.2, 0.022996124248496994, 0.9376582952957528, 0, 0.004747770816477861]"
144,"[0.2, 0.02315624749498998, 0.9377219323188816, 0, 0.0027434474492744184]"
145,"[0.2, 0.023316370741482965, 0.9377451713714213, 0, 0.0005219208319270945]"
146,"[0.2, 0.023476493987975952, 0.9377241262060975, 0, -0.0018506132084702331]"
148,"[0.2, 0.023796740480961923, 0.9375407662993649, 0, -0.0067648338950739165]"
147,"[0.2, 0.023636617234468936, 0.9376563287065592, 0, -0.004303677408734661]"
150,"[0.2, 0.024116986973947895, 0.9371696014497359, 0, -0.011425754121627888]"
149,"[0.2, 0.02395686372745491, 0.9373778909745215, 0, -0.009162005074903988]"
153,"[0.2, 0.024597356713426853, 0.9363117710435285, 0, -0.01680703305579688]"
152,"[0.2, 0.024437233466933866, 0.9366313065963, 0, -0.01530152606439491]"
151,"[0.2, 0.024277110220440882, 0.9369191978787516, 0, -0.013491485815991003]"
154,"[0.2, 0.02475747995991984, 0.9359675045276422, 0, -0.017969686019761753]"
155,"[0.2, 0.024917603206412824, 0.9356063010801849, 0, -0.01876309062197601]"
157,"[0.2, 0.025237849699398796, 0.9348672230816949, 0, -0.019202131542899115]"
156,"[0.2, 0.02507772645290581, 0.9352366025378361, 0, -0.019173835209329013]"
159,"[0.2, 0.02555809619238477, 0.9341646374542572, 0, -0.01818080709056443]"
158,"[0.2, 0.025397972945891783, 0.934507036647954, 0, -0.01886197931520631]"
162,"[0.2, 0.026038465931863725, 0.9333186072756312, 0, -0.014544027107074727]"
161,"[0.2, 0.02587834268537074, 0.9335640789905577, 0, -0.015966264562774814]"
163,"[0.2, 0.026198589178356713, 0.9331157200652156, 0, -0.012998675474427413]"
166,"[0.2, 0.02667895891783567, 0.9327773187543373, 0, -0.00833440897171528]"
167,"[0.2, 0.026839082164328655, 0.9327503189063076, 0, -0.0070007409600886085]"
169,"[0.2, 0.02715932865731463, 0.9327995723572299, 0, -0.0050204994825527195]"
165,"[0.2, 0.026518835671342684, 0.9328454556227057, 0, -0.009822928970236702]"
160,"[0.2, 0.025718219438877754, 0.9338479887471595, 0, -0.017198563870558365]"
164,"[0.2, 0.0263587124248497, 0.9329578191175454, 0, -0.01140101689336983]"
168,"[0.2, 0.026999205410821642, 0.9327597579829053, 0, -0.005879926169176594]"
171,"[0.2, 0.0274795751503006, 0.9329410560394825, 0, -0.00422291418634366]"
174,"[0.2, 0.02795994488977956, 0.9331857836702927, 0, -0.005510407688922585]"
173,"[0.2, 0.027799821643286572, 0.9331108551514712, 0, -0.004755534294173742]"
176,"[0.2, 0.02828019138276553, 0.9332780100243403, 0, -0.007871274233360823]"
179,"[0.2, 0.02876056112224449, 0.933184907307143, 0, -0.012874642272148068]"
175,"[0.2, 0.028120068136272543, 0.9332437792232177, 0, -0.006560995359722027]"
178,"[0.2, 0.028600437875751502, 0.9332527460510812, 0, -0.011083225379152893]"
180,"[0.2, 0.028920684368737473, 0.933076811496533, 0, -0.014709144997857831]"
172,"[0.2, 0.027639698396793585, 0.9330265787208726, 0, -0.0043218199142118765]"
177,"[0.2, 0.028440314629258515, 0.9332825926296997, 0, -0.009396155847129528]"
181,"[0.2, 0.02908080761523046, 0.9329275392395152, 0, -0.01652410928607623]"
170,"[0.2, 0.027319451903807614, 0.9328626293762687, 0, -0.004459823345992523]"
183,"[0.2, 0.02940105410821643, 0.9325085857757031, 0, -0.019850474687607454]"
184,"[0.2, 0.02956117735470942, 0.9322437926982253, 0, -0.02124819471435272]"
187,"[0.2, 0.030041547094188374, 0.9312830005786766, 0, -0.023833171227909313]"
182,"[0.2, 0.029240930861723444, 0.9327375334119674, 0, -0.018257614370591757]"
186,"[0.2, 0.02988142384769539, 0.9316250799416859, 0, -0.023274513330705043]"
189,"[0.2, 0.03036179358717435, 0.9305690379209577, 0, -0.023945482257568686]"
185,"[0.2, 0.029721300601202403, 0.931947477958613, 0, -0.022402802472548916]"
191,"[0.2, 0.03068204008016032, 0.9298678608869133, 0, -0.022726362488576016]"
190,"[0.2, 0.030521916833667333, 0.9302128630531252, 0, -0.0234956851224844]"
192,"[0.2, 0.030842163326653307, 0.9295416674808401, 0, -0.0216654256151147]"
196,"[0.2, 0.03148265631262525, 0.9285487255761644, 0, -0.01540239053885665]"
193,"[0.2, 0.03100228657314629, 0.9292412660272662, 0, -0.020351396854929666]"
194,"[0.2, 0.03116240981963928, 0.9289726831661327, 0, -0.018831986586698542]"
198,"[0.2, 0.031802902805611225, 0.9282900105551525, 0, -0.011864155595171852]"
195,"[0.2, 0.03132253306613226, 0.9287407184678375, 0, -0.017162248901271077]"
188,"[0.2, 0.03020167034068136, 0.9309284143816055, 0, -0.0240594107502465]"
200,"[0.2, 0.03212314929859719, 0.9281906976002502, 0, -0.00870730745668023]"
197,"[0.2, 0.031642779559118234, 0.9283984608295703, 0, -0.0136153340095123]"
199,"[0.2, 0.03196302605210421, 0.9282218021779394, 0, -0.010209529315381128]"
201,"[0.2, 0.032283272545090176, 0.9281921608899958, 0, -0.007406356962355809]"
202,"[0.2, 0.03244339579158317, 0.9282204870182406, 0, -0.0063467504193295814]"
207,"[0.2, 0.03324401202404809, 0.9285194899776187, 0, -0.005321080620917111]"
205,"[0.2, 0.032923765531062126, 0.9283979512195045, 0, -0.004859054384280575]"
206,"[0.2, 0.03308388877755511, 0.9284632704471298, 0, -0.004951147861879269]"
204,"[0.2, 0.032763642284569135, 0.9283307258651032, 0, -0.005060059205692294]"
203,"[0.2, 0.03260351903807615, 0.9282690748253859, 0, -0.00555838332641195]"
209,"[0.2, 0.03356425851703407, 0.9285787476521278, 0, -0.006783588292239622]"
208,"[0.2, 0.033404135270541084, 0.9285599519003022, 0, -0.005943393999085855]"
212,"[0.2, 0.034044628256513026, 0.9284607287639763, 0, -0.01016192767689219]"
214,"[0.2, 0.034364874749498994, 0.9282124635339298, 0, -0.012605545501627667]"
210,"[0.2, 0.03372438176352705, 0.9285708941622917, 0, -0.007799539755442901]"
216,"[0.2, 0.03468512124248497, 0.927829125195341, 0, -0.014696920554644026]"
218,"[0.2, 0.035005367735470944, 0.9273333072016515, 0, -0.01605280622091348]"
213,"[0.2, 0.03420475150300601, 0.9283541434594771, 0, -0.011401179222465741]"
219,"[0.2, 0.03516549098196393, 0.9270550406931606, 0, -0.01636211529809532]"
220,"[0.2, 0.03532561422845691, 0.926764592920049, 0, -0.01639296536198594]"
211,"[0.2, 0.033884505010020036, 0.9285324722871795, 0, -0.008943115278928838]"
221,"[0.2, 0.035485737474949895, 0.9264687749298379, 0, -0.016133150956178247]"
217,"[0.2, 0.03484524448897795, 0.9275931550822304, 0, -0.015487281282687984]"
215,"[0.2, 0.034524997995991985, 0.9280367054908566, 0, -0.013721054900440231]"
222,"[0.2, 0.035645860721442886, 0.9261747341247284, 0, -0.01558107076332672]"
223,"[0.2, 0.03580598396793587, 0.9258896898825966, 0, -0.014745916776636937]"
225,"[0.2, 0.036126230460921845, 0.9253741275981534, 0, -0.012315375965665787]"
230,"[0.2, 0.03692684669338677, 0.9246395573717305, 0, -0.0037198809531633907]"
228,"[0.2, 0.0366066002004008, 0.9248215774661547, 0, -0.007338221544376508]"
229,"[0.2, 0.03676672344689379, 0.9247110752235949, 0, -0.005522032247574317]"
231,"[0.2, 0.037086969939879755, 0.9246060556333314, 0, -0.001987279281675701]"
224,"[0.2, 0.035966107214428854, 0.9256206510779865, 0, -0.013647454179405443]"
227,"[0.2, 0.03644647695390781, 0.9249705172328512, 0, -0.009111996393302804]"
226,"[0.2, 0.03628635370741483, 0.9251558505328401, 0, -0.010788237024475598]"
232,"[0.2, 0.037247093186372746, 0.9246081428563864, 0, -0.000376584400225372]"
233,"[0.2, 0.03740721643286573, 0.924642058916711, 0, 0.0010650457846631861]"
235,"[0.2, 0.037727462925851704, 0.9247848341035412, 0, 0.0032888184207962865]"
234,"[0.2, 0.03756733967935871, 0.9247028966078815, 0, 0.0022974329448730065]"
243,"[0.2, 0.03900844889779559, 0.9254112126848877, 0, 0.001963083606835164]"
236,"[0.2, 0.03788758617234469, 0.9248813984030143, 0, 0.004016911462565212]"
246,"[0.2, 0.03948881863727455, 0.9252834201067682, 0, -0.0012127587688386494]"
238,"[0.2, 0.03820783266533066, 0.9250909295567902, 0, 0.004644758549576417]"
240,"[0.2, 0.03852807915831663, 0.9252771573161067, 0, 0.004205628358736166]"
239,"[0.2, 0.03836795591182365, 0.9251901863079769, 0, 0.0045508627738466995]"
242,"[0.2, 0.038848325651302605, 0.9253921228992644, 0, 0.0028746180875899516]"
237,"[0.2, 0.03804770941883767, 0.9249857436877555, 0, 0.004469519499084243]"
245,"[0.2, 0.039328695390781564, 0.9253580684985353, 0, -0.00012922550975312798]"
248,"[0.2, 0.03980906513026052, 0.9250407344747162, 0, -0.0032114331460044976]"
247,"[0.2, 0.03964894188376753, 0.925177070801235, 0, -0.0022558114395809714]"
244,"[0.2, 0.03916857214428857, 0.9254004587055432, 0, 0.0009458229641738357]"
252,"[0.2, 0.040449558116232465, 0.9242663710510728, 0, -0.005377953345288304]"
241,"[0.2, 0.038688202404809614, 0.9253461116447053, 0, 0.003635537967520908]"
253,"[0.2, 0.04060968136272545, 0.92404073537547, 0, -0.005368167217325227]"
249,"[0.2, 0.039969188376753506, 0.9248772277555575, 0, -0.004036299296071888]"
258,"[0.2, 0.04141029759519038, 0.9230299717914724, 0, -0.0018222002675941232]"
256,"[0.2, 0.04109005110220441, 0.9233858935235015, 0, -0.003881153961410506]"
251,"[0.2, 0.040289434869739474, 0.9244849379064993, 0, -0.005147458767482636]"
254,"[0.2, 0.04076980460921843, 0.9238144411451179, 0, -0.005111756517038264]"
263,"[0.2, 0.04221091382765531, 0.9226731254756605, 0, 0.004997078049446621]"
250,"[0.2, 0.04012931162324649, 0.924690384459235, 0, -0.0046922135066216385]"
265,"[0.2, 0.04253116032064128, 0.9227615545758606, 0, 0.00741178752041569]"
267,"[0.2, 0.04285140681362725, 0.9229503949145813, 0, 0.009129416641786169]"
261,"[0.2, 0.04189066733466934, 0.9227136528937107, 0, 0.002211719065201472]"
257,"[0.2, 0.04125017434869739, 0.9231960783568889, 0, -0.0029412693211696354]"
259,"[0.2, 0.041570420841683366, 0.9228920992270153, 0, -0.0005610906097169018]"
264,"[0.2, 0.04237103707414829, 0.9227025923435347, 0, 0.0062731458158563945]"
260,"[0.2, 0.04173054408817635, 0.9227859164208781, 0, 0.0007991858105850766]"
266,"[0.2, 0.04269128356713427, 0.9228458485527186, 0, 0.008374472150324738]"
268,"[0.2, 0.04301153006012024, 0.9230694233692355, 0, 0.009652697019600621]"
272,"[0.2, 0.043652023046092184, 0.9235645679714771, 0, 0.009258302490488346]"
262,"[0.2, 0.042050790581162324, 0.9226762106995106, 0, 0.003627438052778594]"
269,"[0.2, 0.043171653306613225, 0.923196717502926, 0, 0.009929010315712842]"
255,"[0.2, 0.04092992785571142, 0.9235940237711718, 0, -0.00461187803091871]"
270,"[0.2, 0.04333177655310621, 0.9233258661563446, 0, 0.009952072778797831]"
273,"[0.2, 0.04381214629258517, 0.9236624519269784, 0, 0.008572690852720647]"
274,"[0.2, 0.04397226953907815, 0.9237392379346225, 0, 0.0076947959346730325]"
271,"[0.2, 0.0434918997995992, 0.9234505092424101, 0, 0.009724658984425347]"
275,"[0.2, 0.04413239278557114, 0.9237908178948716, 0, 0.006657784853087818]"
276,"[0.2, 0.044292516032064126, 0.9238140145035069, 0, 0.005499758300788144]"
278,"[0.2, 0.0446127625250501, 0.923767673531332, 0, 0.0029893174808946913]"
277,"[0.2, 0.04445263927855711, 0.9238066649768142, 0, 0.004262362288532247]"
279,"[0.2, 0.044772885771543085, 0.9236970335263717, 0, 0.0017249081041279739]"
280,"[0.2, 0.04493300901803607, 0.9235958199991013, 0, 0.0005124705140820456]"
281,"[0.2, 0.04509313226452906, 0.9234661529775203, 0, -0.0006070796879095531]"
283,"[0.2, 0.04541337875751503, 0.9231347391608179, 0, -0.0024242187307041666]"
282,"[0.2, 0.04525325551102204, 0.9233111316285061, 0, -0.0015966435125407523]"
285,"[0.2, 0.045733625250501, 0.9227374202436758, 0, -0.003497436642222538]"
284,"[0.2, 0.04557350200400801, 0.9229417186054742, 0, -0.003064025241164779]"
287,"[0.2, 0.04605387174348697, 0.9223183304305781, 0, -0.003710270953161044]"
289,"[0.2, 0.046374118236472944, 0.9219250863111463, 0, -0.003076511140865888]"
288,"[0.2, 0.04621399498997996, 0.922115555359812, 0, -0.0034931503626772775]"
286,"[0.2, 0.045893748496993986, 0.9225276225896584, 0, -0.0037136802417790144]"
290,"[0.2, 0.04653424148296593, 0.9217522595368117, 0, -0.002482298957314357]"
291,"[0.2, 0.04669436472945892, 0.9216017389624881, 0, -0.001739398744940189]"
294,"[0.2, 0.04717473446893787, 0.9213166640112631, 0, 0.0010134266669729226]"
292,"[0.2, 0.0468544879759519, 0.9214773185973888, 0, -0.000882528651737106]"
293,"[0.2, 0.04701461122244489, 0.9213817584427567, 0, 4.911800961441375e-05]"
296,"[0.2, 0.047494980961923845, 0.9212781628690176, 0, 0.0028670977813338152]"
295,"[0.2, 0.04733485771543086, 0.9212824171814732, 0, 0.001967042084657094]"
298,"[0.2, 0.04781522745490982, 0.9213503393863626, 0, 0.004347578863970944]"
299,"[0.2, 0.047975350701402804, 0.9214195248204393, 0, 0.00485936166900622]"
297,"[0.2, 0.04765510420841683, 0.9213018522433342, 0, 0.003672913058005401]"
301,"[0.2, 0.04829559719438878, 0.9215999379816049, 0, 0.005299920075220646]"
300,"[0.2, 0.04813547394789579, 0.9215045366062292, 0, 0.005182867015817163]"
302,"[0.2, 0.04845572044088176, 0.9216999498738759, 0, 0.005200137647901521]"
303,"[0.2, 0.048615843687374746, 0.9217986770061217, 0, 0.0048811829972261545]"
305,"[0.2, 0.04893609018036072, 0.9219694179642323, 0, 0.003616017872313608]"
306,"[0.2, 0.049096213426853705, 0.9220309570000338, 0, 0.0027034403659605705]"
307,"[0.2, 0.04925633667334669, 0.922070604230975, 0, 0.0016375138493825326]"
304,"[0.2, 0.04877596693386773, 0.9218903275388223, 0, 0.004348710250603574]"
309,"[0.2, 0.04957658316633266, 0.9220708724313622, 0, -0.0008235075362821405]"
308,"[0.2, 0.04941645991983968, 0.9220848010019094, 0, 0.00044995477895518195]"
310,"[0.2, 0.04973670641282565, 0.9220271003328377, 0, -0.0021444041901359273]"
311,"[0.2, 0.04989682965931864, 0.9219527673185214, 0, -0.003472866315574366]"
313,"[0.2, 0.050217076152304606, 0.9217146190563937, 0, -0.005994210464100132]"
314,"[0.2, 0.05037719939879759, 0.9215543739123007, 0, -0.00711258608847303]"
312,"[0.2, 0.05005695290581162, 0.9218481724943144, 0, -0.004768993001134851]"
316,"[0.2, 0.050697445891783564, 0.9211672566571497, 0, -0.00890556571272143]"
315,"[0.2, 0.05053732264529058, 0.9213705993249913, 0, -0.008092061114894406]"
317,"[0.2, 0.05085756913827655, 0.9209489826895708, 0, -0.009531980280940764]"
319,"[0.2, 0.05117781563126252, 0.9204886422612687, 0, -0.010173223162918549]"
321,"[0.2, 0.0514980621242485, 0.9200339270918876, 0, -0.009989400910006007]"
318,"[0.2, 0.05101769238476954, 0.9207209397729739, 0, -0.0099569076653311]"
320,"[0.2, 0.05133793887775551, 0.9202577632113343, 0, -0.01018137330347825]"
326,"[0.2, 0.052298678356713424, 0.9191875007236381, 0, -0.0067842162034759505]"
324,"[0.2, 0.05197843186372745, 0.9194557317882338, 0, -0.008399608124711876]"
323,"[0.2, 0.051818308617234465, 0.9196283586553371, 0, -0.009073380187736665]"
322,"[0.2, 0.05165818537074148, 0.9198224960261918, 0, -0.009612683061089327]"
325,"[0.2, 0.05213855511022044, 0.919307985363845, 0, -0.00762435960313484]"
327,"[0.2, 0.05245880160320641, 0.9190955707211014, 0, -0.0059179047996773]"
329,"[0.2, 0.05277904809619238, 0.9189968436362694, 0, -0.004263181397458683]"
328,"[0.2, 0.0526189248496994, 0.9190323478572825, 0, -0.005064762650246054]"
331,"[0.2, 0.05309929458917836, 0.9189996823693525, 0, -0.00295462595467984]"
333,"[0.2, 0.053419541082164325, 0.919076412814964, 0, -0.002226686772178388]"
330,"[0.2, 0.052939171342685366, 0.9189869789971444, 0, -0.003549101607813442]"
332,"[0.2, 0.05325941783567134, 0.9190310289803542, 0, -0.002506811109205536]"
334,"[0.2, 0.05357966432865731, 0.9191307412702124, 0, -0.0021285363014044503]"
335,"[0.2, 0.0537397875751503, 0.9191886421203603, 0, -0.0022194584674265403]"
337,"[0.2, 0.05406003406813627, 0.9192935233330445, 0, -0.0029603583265084754]"
336,"[0.2, 0.05389991082164328, 0.91924467282803, 0, -0.002499215345318461]"
338,"[0.2, 0.05422015731462926, 0.9193302049843337, 0, -0.00358861346714805]"
339,"[0.2, 0.05438028056112224, 0.9193502200008343, 0, -0.004363499241538777]"
343,"[0.2, 0.055020773547094184, 0.919198283290277, 0, -0.00835254588312619]"
340,"[0.2, 0.054540403807615226, 0.9193497075272937, 0, -0.005259144235274345]"
346,"[0.2, 0.05550114328657314, 0.9188041224923109, 0, -0.011310743704009002]"
342,"[0.2, 0.0548606503006012, 0.9192755351947466, 0, -0.007288295632306171]"
347,"[0.2, 0.05566126653306613, 0.9186236216155168, 0, -0.012105053825205853]"
348,"[0.2, 0.05582138977955912, 0.9184232679593847, 0, -0.012754387708439814]"
344,"[0.2, 0.05518089679358717, 0.9190934223422718, 0, -0.00940149430538482]"
341,"[0.2, 0.05470052705410822, 0.9193255638147833, 0, -0.006245269092669586]"
345,"[0.2, 0.05534102004008016, 0.9189615286948621, 0, -0.010399037174671898]"
350,"[0.2, 0.056141636272545085, 0.917979457691366, 0, -0.013533470946584015]"
349,"[0.2, 0.0559815130260521, 0.9182070264382451, 0, -0.013236132314691024]"
352,"[0.2, 0.05646188276553106, 0.9175106282758525, 0, -0.013540267280112407]"
351,"[0.2, 0.056301759519038076, 0.9177455663868224, 0, -0.013636023383973352]"
356,"[0.2, 0.057102375751503, 0.9166645710916589, 0, -0.011346390611725859]"
354,"[0.2, 0.05678212925851703, 0.9170589224995126, 0, -0.012774839371098986]"
360,"[0.2, 0.057742868737474945, 0.9161629831601088, 0, -0.007376342166559183]"
359,"[0.2, 0.05758274549098196, 0.9162472484520766, 0, -0.008423287052622751]"
353,"[0.2, 0.056622006012024044, 0.9172800006540661, 0, -0.013249716507128884]"
357,"[0.2, 0.057262498997995986, 0.9164994048928977, 0, -0.01044408006361505]"
355,"[0.2, 0.05694225250501002, 0.916852312086439, 0, -0.012132709113800585]"
358,"[0.2, 0.05742262224448898, 0.9163596687199076, 0, -0.00945802780441616]"
361,"[0.2, 0.057902991983967936, 0.9161066340821361, 0, -0.0063536777264941]"
363,"[0.2, 0.058223238476953904, 0.9160714905693381, 0, -0.004518650827583515]"
362,"[0.2, 0.05806311523046092, 0.9160769018327288, 0, -0.005390353618252352]"
366,"[0.2, 0.05870360821643286, 0.9161657669261666, 0, -0.0027100175676332957]"
364,"[0.2, 0.05838336172344689, 0.9160872149153955, 0, -0.0037668479074432965]"
367,"[0.2, 0.058863731462925846, 0.9162191919122425, 0, -0.0024333008056777058]"
365,"[0.2, 0.05854348496993988, 0.9161201429674526, 0, -0.0031581795770068808]"
370,"[0.2, 0.059344101202404805, 0.9163756523084197, 0, -0.002640110387377006]"
368,"[0.2, 0.05902385470941884, 0.9162753333668843, 0, -0.002332228538180161]"
371,"[0.2, 0.059504224448897795, 0.9164104362761023, 0, -0.003024622610672218]"
369,"[0.2, 0.05918397795591182, 0.9163291139944453, 0, -0.0024042171820360457]"
376,"[0.2, 0.06030484068136272, 0.9162933265114689, 0, -0.006307922877368286]"
377,"[0.2, 0.060464963927855706, 0.9161998030518254, 0, -0.007021135423051596]"
373,"[0.2, 0.05982447094188376, 0.9164294396890912, 0, -0.0041517946841546334]"
372,"[0.2, 0.05966434769539078, 0.9164294771051453, 0, -0.003536989615805723]"
374,"[0.2, 0.05998459418837675, 0.9164077474911835, 0, -0.004839936609967976]"
379,"[0.2, 0.06078521042084168, 0.9159449178055838, 0, -0.008244376395083861]"
375,"[0.2, 0.06014471743486974, 0.9163626606191903, 0, -0.005569704338417318]"
382,"[0.2, 0.06126558016032064, 0.9154322524735098, 0, -0.009166609778399924]"
378,"[0.2, 0.060625087174348696, 0.9160830541337662, 0, -0.007676787127993565]"
381,"[0.2, 0.061105456913827655, 0.9156158251815945, 0, -0.009010038438987537]"
388,"[0.2, 0.062226319639278556, 0.9143564401477597, 0, -0.0065460120336878445]"
384,"[0.2, 0.06158582665330661, 0.9150493175983869, 0, -0.00896475862834757]"
387,"[0.2, 0.062066196392785565, 0.9145087853221048, 0, -0.007374818188457735]"
383,"[0.2, 0.06142570340681362, 0.9152418130636446, 0, -0.009153659422712316]"
380,"[0.2, 0.060945333667334664, 0.9157880472588108, 0, -0.00869653995914698]"
385,"[0.2, 0.0617459498997996, 0.9148597300244138, 0, -0.008599926386634829]"
389,"[0.2, 0.06238644288577154, 0.9142246647142183, 0, -0.005603086872066416]"
391,"[0.2, 0.06270668937875751, 0.9140338774532305, 0, -0.0034904826473567425]"
390,"[0.2, 0.06254656613226452, 0.9141164385046563, 0, -0.004574144400640676]"
386,"[0.2, 0.06190607314629258, 0.9146779824849621, 0, -0.008065676368269992]"
395,"[0.2, 0.06334718236472946, 0.9139685777362627, 0, 0.0007232736258933018]"
392,"[0.2, 0.0628668126252505, 0.9139781449536579, 0, -0.002385383698133618]"
396,"[0.2, 0.06350730561122245, 0.9140120087191977, 0, 0.0015870704716526645]"
394,"[0.2, 0.06318705911823647, 0.9139468159301227, 0, -0.000246125524227786]"
398,"[0.2, 0.06382755210420842, 0.9141495030506865, 0, 0.002906310396691864]"
397,"[0.2, 0.06366742885771542, 0.9140736678793905, 0, 0.0023211205764261515]"
393,"[0.2, 0.06302693587174349, 0.9139494043847375, 0, -0.001292818329271478]"
403,"[0.2, 0.06462816833667334, 0.9145788359591401, 0, 0.00334450751131351]"
401,"[0.2, 0.06430792184368737, 0.9144160193833899, 0, 0.003665043994996034]"
406,"[0.2, 0.0651085380761523, 0.9147179796761654, 0, 0.0018919062765946244]"
400,"[0.2, 0.06414779859719438, 0.9143254682822556, 0, 0.003582475286655187]"
404,"[0.2, 0.06478829158316633, 0.9146426513321039, 0, 0.00296887739860714]"
402,"[0.2, 0.06446804509018035, 0.9145019555140524, 0, 0.003582043189208553]"
405,"[0.2, 0.06494841482965931, 0.91468995643057, 0, 0.002476320844345293]"
407,"[0.2, 0.06526866132264529, 0.9147247074309532, 0, 0.001243658673844151]"
411,"[0.2, 0.06590915430861723, 0.9145274443753765, 0, -0.0013823840445509844]"
409,"[0.2, 0.06558890781563126, 0.9146703349704359, 0, -0.00012366929751941736]"
399,"[0.2, 0.0639876753507014, 0.9142350207515086, 0, 0.0033292075418441995]"
408,"[0.2, 0.06542878456913827, 0.9147089422861905, 0, 0.0005615319411256787]"
416,"[0.2, 0.06670977054108217, 0.9138999079264419, 0, -0.0027290359731180452]"
418,"[0.2, 0.06703001703406813, 0.9136204548884165, 0, -0.002256452344220442]"
410,"[0.2, 0.06574903106212425, 0.9146093898703437, 0, -0.0007813856221376969]"
412,"[0.2, 0.06606927755511022, 0.9144266224394068, 0, -0.0018997926377058206]"
419,"[0.2, 0.06719014028056113, 0.9134923642087007, 0, -0.0018024182752231228]"
415,"[0.2, 0.06654964729458918, 0.9140422652769974, 0, -0.00273647888089871]"
417,"[0.2, 0.06686989378757514, 0.9137577813564782, 0, -0.002568152909562037]"
413,"[0.2, 0.06622940080160321, 0.9143097629922577, 0, -0.0023100572468012608]"
421,"[0.2, 0.06751038677354709, 0.9132799321092536, 0, -0.0005286102281954589]"
422,"[0.2, 0.06767051002004007, 0.9132022803952982, 0, 0.00024861510950184156]"
420,"[0.2, 0.0673502635270541, 0.9133776379406303, 0, -0.0012201022668345306]"
424,"[0.2, 0.06799075651302605, 0.9131154349299562, 0, 0.0019503313634039595]"
423,"[0.2, 0.06783063326653306, 0.9131469678535674, 0, 0.0010846904258559212]"
429,"[0.2, 0.06879137274549098, 0.9133014652786777, 0, 0.005674856298253079]"
425,"[0.2, 0.06815087975951903, 0.9131082171637955, 0, 0.0028149917420934416]"
426,"[0.2, 0.06831100300601202, 0.9131249240063859, 0, 0.0036480528512254505]"
414,"[0.2, 0.06638952404809619, 0.9141803242153865, 0, -0.002593789778563221]"
430,"[0.2, 0.06895149599198397, 0.913392902835393, 0, 0.006113935912884376]"
428,"[0.2, 0.06863124949899799, 0.9132240723091916, 0, 0.005103605829254211]"
427,"[0.2, 0.06847112625250501, 0.9131642578942106, 0, 0.004420010254277568]"
437,"[0.2, 0.07007235871743486, 0.9140689106990659, 0, 0.004922771227972681]"
434,"[0.2, 0.0695919889779559, 0.913814872370833, 0, 0.0063311393184389275]"
431,"[0.2, 0.06911161923847695, 0.9134943655406393, 0, 0.006405879613690364]"
438,"[0.2, 0.07023248196392785, 0.9141216306177692, 0, 0.004225036091712647]"
442,"[0.2, 0.07087297494989979, 0.9141178305702659, 0, 0.0009457919800065982]"
432,"[0.2, 0.06927174248496994, 0.9136015103665721, 0, 0.006541083045454577]"
439,"[0.2, 0.07039260521042084, 0.9141540372206718, 0, 0.003451108853438486]"
436,"[0.2, 0.06991223547094189, 0.9139981541383286, 0, 0.005519856870403112]"
433,"[0.2, 0.06943186573146293, 0.9137098400464373, 0, 0.006515586397751981]"
435,"[0.2, 0.0697521122244489, 0.9139123027115419, 0, 0.005995053437164291]"
440,"[0.2, 0.07055272845691382, 0.9141645862621395, 0, 0.002627769460167697]"
444,"[0.2, 0.07119322144288577, 0.9139846817754065, 0, -0.0005973070952338336]"
443,"[0.2, 0.07103309819639278, 0.914061364387401, 0, 0.00014354415556823595]"
441,"[0.2, 0.07071285170340681, 0.9141525089688095, 0, 0.0017831603489264704]"
455,"[0.2, 0.07295457715430861, 0.9127527018307692, 0, -0.0009651819221115916]"
448,"[0.2, 0.0718337144288577, 0.9135301119748256, 0, -0.002526232386439926]"
445,"[0.2, 0.07135334468937875, 0.9138900584457459, 0, -0.0012530078213220425]"
450,"[0.2, 0.07215396092184369, 0.9132654181102717, 0, -0.002694416271154142]"
449,"[0.2, 0.0719938376753507, 0.9133974556237757, 0, -0.0026809548098939927]"
446,"[0.2, 0.07151346793587174, 0.9137803979958874, 0, -0.0018031611357526831]"
453,"[0.2, 0.07263433066132265, 0.9129141936265286, 0, -0.0019551729307901748]"
447,"[0.2, 0.07167359118236473, 0.9136591339180506, 0, -0.0022314514702892227]"
451,"[0.2, 0.07231408416833666, 0.913138225854701, 0, -0.0025708167738911743]"
452,"[0.2, 0.07247420741482966, 0.9130199187297867, 0, -0.0023196133343489937]"
457,"[0.2, 0.07327482364729458, 0.912671389258388, 0, 0.00021072037335992464]"
463,"[0.2, 0.0742355631262525, 0.912894576940824, 0, 0.002743254732631917]"
458,"[0.2, 0.07343494689378757, 0.912662922773267, 0, 0.0008008375613656139]"
462,"[0.2, 0.07407543987975951, 0.9128200120880081, 0, 0.0025614879812236586]"
459,"[0.2, 0.07359507014028056, 0.9126753654291968, 0, 0.0013557283963000657]"
461,"[0.2, 0.07391531663326653, 0.9127564420971093, 0, 0.002258069825984113]"
460,"[0.2, 0.07375519338677354, 0.9127072722292815, 0, 0.001849356849587167]"
465,"[0.2, 0.07455580961923847, 0.9130612019812575, 0, 0.0026998122184006368]"
454,"[0.2, 0.07279445390781562, 0.9128242582081519, 0, -0.0014962322694779659]"
472,"[0.2, 0.07567667234468937, 0.913417953307459, 0, -0.0013839114462142622]"
456,"[0.2, 0.0731147004008016, 0.9127013901850284, 0, -0.0003872013753247453]"
464,"[0.2, 0.07439568637274549, 0.9129763276260194, 0, 0.0027916160010232893]"
466,"[0.2, 0.07471593286573146, 0.9131450404779131, 0, 0.0024662733946994135]"
468,"[0.2, 0.07503617935871743, 0.9132934037662622, 0, 0.001593455438182207]"
470,"[0.2, 0.0753564258517034, 0.9133918401238377, 0, 0.0002596843683477918]"
473,"[0.2, 0.07583679559118237, 0.913399583114379, 0, -0.002262370131612824]"
474,"[0.2, 0.07599691883767534, 0.9133593800465802, 0, -0.0031439047536159803]"
469,"[0.2, 0.07519630260521042, 0.9133504706983615, 0, 0.0009760296569625926]"
467,"[0.2, 0.07487605611222445, 0.9132237405635064, 0, 0.0020946168880341142]"
484,"[0.2, 0.07759815130260521, 0.9121306308943112, 0, -0.00741377367672238]"
476,"[0.2, 0.07631716533066132, 0.9132152625023768, 0, -0.004811963308660138]"
477,"[0.2, 0.0764772885771543, 0.913114036959772, 0, -0.0055494837437847664]"
475,"[0.2, 0.07615704208416833, 0.9132976080120417, 0, -0.004002232537364509]"
481,"[0.2, 0.07711778156312625, 0.9125749253582912, 0, -0.007411010204458683]"
471,"[0.2, 0.07551654909819638, 0.9134149692531746, 0, -0.0005347880245952477]"
478,"[0.2, 0.07663741182364729, 0.9129962670023922, 0, -0.0061937826201133505]"
495,"[0.2, 0.07935950701402805, 0.9115882503415733, 0, -0.002395528308811474]"
479,"[0.2, 0.07679753507014028, 0.9128648534119357, 0, -0.006727190692813455]"
480,"[0.2, 0.07695765831663326, 0.912723165280529, 0, -0.007136010106371704]"
496,"[0.2, 0.07951963026052104, 0.911635294048437, 0, -0.0021992167748206065]"
488,"[0.2, 0.07823864428857714, 0.911677335608532, 0, -0.0058285390210893965]"
486,"[0.2, 0.07791839779559118, 0.9118733961867591, 0, -0.006796790801445377]"
498,"[0.2, 0.07983987675350701, 0.9117443783613504, 0, -0.002169340392711]"
487,"[0.2, 0.07807852104208417, 0.9117664926739876, 0, -0.0063461259125707535]"
489,"[0.2, 0.07839876753507014, 0.9116075311610129, 0, -0.005268010322528609]"
483,"[0.2, 0.07743802805611222, 0.9122746604229613, 0, -0.007546847145915735]"
497,"[0.2, 0.07967975350701402, 0.911688602015758, 0, -0.002122203433533999]"
485,"[0.2, 0.07775827454909819, 0.9119957443009602, 0, -0.007158854576072037]"
482,"[0.2, 0.07727790480961923, 0.91242408042865, 0, -0.0075477694542825996]"
490,"[0.2, 0.07855889078156313, 0.9115579266854018, 0, -0.0046898929007970595]"
494,"[0.2, 0.07919938376753506, 0.9115510625530472, 0, -0.0027015848661603543]"
493,"[0.2, 0.07903926052104208, 0.9115269759535838, 0, -0.00310344331077895]"
491,"[0.2, 0.0787190140280561, 0.911528579222404, 0, -0.0041199297418754504]"
492,"[0.2, 0.0788791372745491, 0.9115187573174005, 0, -0.003583258008987295]"
499,"[0.2, 0.08, 0.9117987688559934, 0, -0.0023406505719252763]"
